티커,종목명,시장,시가총액,상장주식수,종가,거래량
005930,삼성전자,KOSPI,1565341097292000,5846278608,267750,44761554
000660,SK하이닉스,KOSPI,1146025402920000,712702365,1608000,5180007
402340,SK스퀘어,KOSPI,144362474284000,131958386,1094000,1403517
373220,LG에너지솔루션,KOSPI,112788000000000,234000000,482000,471032
005380,현대차,KOSPI,112412013534000,204757766,549000,1469750
034020,두산에너빌리티,KOSPI,81607490000400,640561146,127400,3334694
012450,한화에어로스페이스,KOSPI,74405987643000,51563401,1443000,140592
009150,삼성전기,KOSPI,68792894016000,74693696,921000,1063331
207940,삼성바이오로직스,KOSPI,68510607480000,46290951,1480000,79843
329180,HD현대중공업,KOSPI,68224796250000,104961225,650000,542666
028260,삼성물산,KOSPI,61624212780000,162168981,380000,1461391
000270,기아,KOSPI,60474973390200,390412998,154900,889212
032830,삼성생명,KOSPI,60400000000000,200000000,302000,662569
105560,KB금융,KOSPI,59917068118500,372850455,160700,1188265
006400,삼성SDI,KOSPI,56329285470000,80585530,699000,713175
267260,HD현대일렉트릭,KOSPI,50033423380000,36047135,1388000,226487
006800,미래에셋증권,KOSPI,47451271424000,559566880,84800,19424170
010120,LS ELECTRIC,KOSPI,47325000000000,150000000,315500,1526135
055550,신한지주,KOSPI,46278800197500,474654361,97500,1147599
068270,셀트리온,KOSPI,43433317677700,221938261,195700,681862
298040,효성중공업,KOSPI,43070087212000,9324548,4619000,86874
005490,POSCO홀딩스,KOSPI,40333937243000,79241527,509000,521219
042660,한화오션,KOSPI,40017589256400,306413394,130600,1614021
012330,현대모비스,KOSPI,39559406188000,90732583,436000,300793
034730,SK,KOSPI,37991416372000,72502703,524000,493386
010130,고려아연,KOSPI,36986901068000,20872969,1772000,73385
042700,한미반도체,KOSPI,36861993350000,95312200,386750,1131328
086790,하나금융지주,KOSPI,34625209797600,274367748,126200,782713
035420,NAVER,KOSPI,32625348704000,156852638,208000,659252
009540,HD한국조선해양,KOSPI,32201767780000,70773116,455000,170893
051910,LG화학,KOSPI,30001745775000,70592343,425000,306420
000150,두산,KOSPI,29067933825000,16193835,1795000,108878
015760,한국전력,KOSPI,28984678076550,641964077,45150,2465778
064350,현대로템,KOSPI,28813565352000,109142293,264000,738200
010140,삼성중공업,KOSPI,28292000000000,880000000,32150,5053826
003670,포스코퓨처엠,KOSPI,25527565140000,88946220,287000,964918
066570,LG전자,KOSPI,25182235430200,162886387,154600,3604513
096770,SK이노베이션,KOSPI,24580275375200,169052788,145400,1104991
316140,우리금융지주,KOSPI,24040999480000,734076320,32750,3207387
272210,한화시스템,KOSPI,23142625152500,188919389,122500,1249391
267250,HD현대,KOSPI,22671015395000,78993085,287000,232135
247540,에코프로비엠,KOSDAQ,21962932433000,97830434,224500,726451
086520,에코프로,KOSDAQ,21805650011200,135776152,160600,1549972
000810,삼성화재,KOSPI,21497758249500,44647473,481500,365072
079550,LIG디펜스앤에어로스페이스,KOSPI,21494000000000,22000000,977000,200893
035720,카카오,KOSPI,20555246168000,443000995,46400,1936509
017670,SK텔레콤,KOSPI,20490971056200,214790053,95400,721154
033780,KT&G,KOSPI,20228960178000,114676645,176400,311450
196170,알테오젠,KOSDAQ,19459551930500,53533843,363500,244749
011200,HMM,KOSPI,19430702182000,943237970,20600,1327751
138040,메리츠금융지주,KOSPI,18843302939800,167347273,112600,294230
000720,현대건설,KOSPI,18284616613000,111355765,164200,1193782
024110,기업은행,KOSPI,17304141357300,797425869,21700,1867486
047810,한국항공우주,KOSPI,17214103896200,97475107,176600,1212305
006260,LS,KOSPI,16629600000000,31200000,533000,311741
086280,현대글로비스,KOSPI,16575000000000,75000000,221000,245715
278470,에이피알,KOSPI,15855058642500,37438155,423500,441275
003550,LG,KOSPI,15730601670000,154221585,102000,305237
071050,한국금융지주,KOSPI,15659003752000,55725992,281000,510263
011070,LG이노텍,KOSPI,14933944517000,23667107,631000,297399
030200,KT,KOSPI,14869279415000,252021685,59000,439245
047050,포스코인터내셔널,KOSPI,14715941216200,175922788,83650,659090
005940,NH투자증권,KOSPI,13790527080300,356344369,38700,2375539
010950,S-Oil,KOSPI,13746358903200,112582792,122100,468956
259960,크래프톤,KOSPI,13558778376000,47408316,286000,160804
016360,삼성증권,KOSPI,13502160000000,89300000,151200,4038981
277810,레인보우로보틱스,KOSDAQ,13444101594000,19399858,693000,230970
018260,삼성에스디에스,KOSPI,13254817140000,77377800,171300,415919
047040,대우건설,KOSPI,13251771325500,410907638,32250,21673928
001440,대한전선,KOSPI,12864863700000,186447300,69000,28319216
0126Z0,삼성에피스홀딩스,KOSPI,12839653284000,24883049,516000,52694
039490,키움증권,KOSPI,12628934154000,26228316,481500,517561
307950,현대오토에버,KOSPI,12025416107000,27423982,438500,106068
323410,카카오뱅크,KOSPI,11904154903150,477120437,24950,2052784
443060,HD현대마린솔루션,KOSPI,11746366520000,44833460,262000,308739
007660,이수페타시스,KOSPI,11084792069000,73409219,151000,1097058
352820,하이브,KOSPI,10603153254000,43102249,246000,343856
005830,DB손해보험,KOSPI,10597956468200,65500349,161800,229576
028050,삼성E&A,KOSPI,10407600000000,196000000,53100,1932817
000880,한화,KOSPI,9927514995200,70507919,140800,387057
003230,삼양식품,KOSPI,9800452515000,7533015,1301000,47706
062040,산일전기,KOSPI,9758802187500,30615850,318750,795101
000250,삼천당제약,KOSDAQ,9429903744000,23457472,402000,115403
003490,대한항공,KOSPI,9058228260600,368220661,24600,1380720
267270,HD건설기계,KOSPI,8995147125000,47974118,187500,371696
950160,코오롱티슈진,KOSDAQ,8778654780000,84736050,103600,406149
058470,리노공업,KOSDAQ,8688150900000,76211850,114000,1465831
066970,엘앤에프,KOSPI,8577733137500,40365803,212500,498691
009830,한화솔루션,KOSPI,8268030981600,171892536,48100,2699346
377300,카카오페이,KOSPI,8236442850300,135245367,60900,2329788
028300,HLB,KOSDAQ,8216080653700,133161761,61700,494938
326030,SK바이오팜,KOSPI,7737349100000,78313250,98800,178271
090430,아모레퍼시픽,KOSPI,7615757221800,58492759,130200,328396
161390,한국타이어앤테크놀로지,KOSPI,7395341619300,123875069,59700,309937
180640,한진칼,KOSPI,7363879373700,66762279,110300,89074
078930,GS,KOSPI,7154484106000,92915378,77000,375792
298380,에이비엘바이오,KOSDAQ,7132802786200,55987463,127400,519131
082740,한화엔진,KOSPI,7093007070000,83447142,85000,1434246
000990,DB하이텍,KOSPI,7030341420800,43504588,161600,1019725
000100,유한양행,KOSPI,7024918408200,79647601,88200,362942
241560,두산밥캣,KOSPI,6987907138500,95856065,72900,228827
052690,한전기술,KOSPI,6921642000000,38220000,181100,205381
454910,두산로보틱스,KOSPI,6754241916000,64819980,104200,542058
103590,일진전기,KOSPI,6752251224000,47685390,141600,995205
032640,LG유플러스,KOSPI,6688129203800,429828355,15560,775904
141080,리가켐바이오,KOSDAQ,6552436986000,37019418,177000,275230
064400,LG씨엔에스,KOSPI,6462292731600,96885948,66700,623505
034220,LG디스플레이,KOSPI,6365000000000,500000000,12730,7389143
010060,OCI홀딩스,KOSPI,6310538416000,18670232,338000,307710
001040,CJ,KOSPI,6273054570000,29176998,215000,120898
353200,대덕전자,KOSPI,6261124397500,49416925,126700,1119768
087010,펩트론,KOSDAQ,6249049800000,23317350,268000,146202
240810,원익IPS,KOSDAQ,6145304405200,49083901,125200,1127232
011790,SKC,KOSPI,6104369637600,37868298,161200,2090346
029780,삼성카드,KOSPI,6001490553800,115858891,51800,281600
021240,코웨이,KOSPI,5887849843200,70767426,83200,307637
450080,에코프로머티,KOSPI,5884600083600,70558754,83400,1387198
000500,가온전선,KOSPI,5872805825000,16543115,355000,244670
036930,주성엔지니어링,KOSDAQ,5856621246000,46481121,126000,829845
138930,BNK금융지주,KOSPI,5666571622580,310327033,18260,1097377
018880,한온시스템,KOSPI,5654706661520,1026262552,5510,128857362
036570,NC,KOSPI,5644533764000,21544022,262000,79855
004020,현대제철,KOSPI,5624739837750,133445785,42150,952712
039030,이오테크닉스,KOSDAQ,5593075700000,12319550,454000,112762
128940,한미약품,KOSPI,5566375589500,12810991,434500,91793
002380,KCC,KOSPI,5536271433000,8886471,623000,111694
271560,오리온,KOSPI,5519244027200,39536132,139600,87091
214370,케어젠,KOSDAQ,5392986000000,53715000,100400,81153
088980,맥쿼리인프라,KOSPI,5390267031215,478921993,11255,2496805
095340,ISC,KOSDAQ,5278067442000,21197058,249000,274290
022100,포스코DX,KOSPI,5237596414050,152034729,34450,413595
310210,보로노이,KOSDAQ,5171010051000,18402171,281000,114916
175330,JB금융지주,KOSPI,5045196051200,188253584,26800,420739
336260,두산퓨얼셀,KOSPI,4990621921200,65493726,76200,4546201
403870,HPSP,KOSDAQ,4584110000000,82300000,55700,3547545
088350,한화생명,KOSPI,4568467800000,868530000,5260,13479657
108490,로보티즈,KOSDAQ,4529021652000,14657028,309000,238298
489790,한화비전,KOSPI,4483369032000,50488390,88800,646312
011170,롯데케미칼,KOSPI,4290374525700,42775419,100300,462517
004800,효성,KOSPI,4268803785000,16740407,255000,211511
051900,LG생활건강,KOSPI,4093407782500,15302459,267500,90759
020150,롯데에너지머티리얼즈,KOSPI,4079269567700,52365463,77900,543468
251270,넷마블,KOSPI,3983274030600,81960371,48600,186738
440110,파두,KOSDAQ,3932600919500,50096827,78500,1751753
004170,신세계,KOSPI,3863079029000,9445181,409000,58404
017800,현대엘리베이터,KOSPI,3784142868000,39092385,96800,215703
023530,롯데쇼핑,KOSPI,3736944535500,28288755,132100,161827
457190,이수스페셜티케미컬,KOSPI,3671592948000,30218872,121500,338001
012510,더존비즈온,KOSPI,3647378400000,30394820,120000,15914
032820,우리기술,KOSDAQ,3610131550200,171096282,21100,7068317
111770,영원무역,KOSPI,3602522348400,44311468,81300,111912
214150,클래시스,KOSDAQ,3587961245000,65235659,55000,169485
375500,DL이앤씨,KOSPI,3575290765200,38693623,92400,1101367
319400,현대무벡스,KOSDAQ,3547326842150,111376039,31850,1631025
357780,솔브레인,KOSDAQ,3539247530000,7778566,455000,53972
011780,금호석유화학,KOSPI,3522025500000,25157325,140000,84243
035250,강원랜드,KOSPI,3519321225000,213940500,16450,1425469
263750,펄어비스,KOSDAQ,3514357668500,64247855,54700,810370
001720,신영증권,KOSPI,3501720000000,16440000,213000,48676
214450,파마리서치,KOSDAQ,3501311376000,10389648,337000,96763
178320,서진시스템,KOSDAQ,3500483305200,59532029,58800,1816653
036460,한국가스공사,KOSPI,3484815750000,92313000,37750,342161
097950,CJ제일제당,KOSPI,3477516966000,15054186,231000,65966
222800,심텍,KOSDAQ,3476560495800,37342218,93100,1062076
302440,SK바이오사이언스,KOSPI,3463856814950,78456553,44150,276529
071970,HD현대마린엔진,KOSPI,3402325948500,33921495,100300,393539
226950,올릭스,KOSDAQ,3378017011200,20300583,166400,260017
439260,대한조선,KOSPI,3336378619200,38526312,86600,233343
014680,한솔케미칼,KOSPI,3320096940000,11370195,292000,91948
064760,티씨케이,KOSDAQ,3281158596000,11179416,293500,69902
031210,서울보증보험,KOSPI,3246704307000,69821598,46500,73120
084370,유진테크,KOSDAQ,3144080962400,22916042,137200,339140
145020,휴젤,KOSDAQ,3131376398500,12304033,254500,55561
347850,디앤디파마텍,KOSDAQ,3118855266400,43804147,71200,551685
237690,에스티팜,KOSDAQ,3116167086500,20843927,149500,97271
139130,iM금융지주,KOSPI,3048654585340,160624583,18980,853517
006360,GS건설,KOSPI,3038142895000,85581490,35500,1697949
383220,F&F,KOSPI,3037751047500,38307075,79300,148819
005290,동진쎄미켐,KOSDAQ,3023172247200,51414494,58800,558259
083650,비에이치아이,KOSDAQ,3010887687500,30944375,97300,377406
319660,피에스케이,KOSDAQ,3003848241800,28966714,103700,357956
028670,팬오션,KOSPI,2993589267200,534569512,5600,3868125
100790,미래에셋벤처투자,KOSDAQ,2959042113800,53124634,55700,2770248
004990,롯데지주,KOSPI,2930115014400,99663776,29400,231188
007340,DN오토모티브,KOSPI,2916766620250,58510865,49850,186677
005850,에스엘,KOSPI,2903032500000,46448520,62500,114450
120110,코오롱인더,KOSPI,2892786691200,29946032,96600,560279
043260,성호전자,KOSDAQ,2890105037250,70922823,40750,1655832
0009K0,에임드바이오,KOSDAQ,2871399548400,64671161,44400,188510
067310,하나마이크론,KOSDAQ,2861284929300,66464226,43050,2058643
139480,이마트,KOSPI,2850648102700,27595819,103300,169095
098460,고영,KOSDAQ,2838874119250,68654755,41350,6535073
010170,대한광통신,KOSDAQ,2829839012000,155485660,18200,41118701
112610,씨에스윈드,KOSPI,2817049720400,42171403,66800,403238
058610,에스피지,KOSDAQ,2807653776000,22177360,126600,277112
012750,에스원,KOSPI,2800539418600,37999178,73700,103953
229640,LS에코에너지,KOSPI,2796051452700,30624879,91300,417458
103140,풍산,KOSPI,2785613233200,28024278,99400,220700
009970,영원무역홀딩스,KOSPI,2774093203500,13499237,205500,20452
031980,피에스케이홀딩스,KOSDAQ,2734111686000,21562395,126800,206237
483650,달바글로벌,KOSPI,2707895720000,12421540,218000,145927
051600,한전KPS,KOSPI,2695500000000,45000000,59900,209007
204320,HL만도,KOSPI,2667164416000,46957120,56800,278406
257720,실리콘투,KOSDAQ,2657919402600,61171908,43450,667951
060370,LS마린솔루션,KOSDAQ,2643286012400,52238854,50600,1178471
001450,현대해상,KOSPI,2638433337500,85248250,30950,383272
131970,두산테스나,KOSDAQ,2638167987000,19327238,136500,340124
140410,메지온,KOSDAQ,2610687145300,30392167,85900,249040
082920,비츠로셀,KOSDAQ,2584350189000,45339477,57000,501867
030530,원익홀딩스,KOSDAQ,2572024767300,77237981,33300,1288153
001430,세아베스틸지주,KOSPI,2567727720400,35862119,71600,339321
218410,RFHIC,KOSDAQ,2543819743600,26553442,95800,456170
097230,HJ중공업,KOSPI,2523754864800,90295344,27950,1447086
008930,한미사이언스,KOSPI,2523648195000,68391550,36900,111937
008770,호텔신라,KOSPI,2515804556100,39248121,64100,653685
026960,동서,KOSPI,2512440000000,99700000,25200,148018
017960,한국카본,KOSPI,2493689220000,52278600,47700,496065
279570,케이뱅크,KOSPI,2474740421100,405695151,6100,3243469
069960,현대백화점,KOSPI,2466540617000,22628813,109000,169679
018670,SK가스,KOSPI,2420769306000,9257244,261500,25758
068760,셀트리온제약,KOSDAQ,2419927094000,44402332,54500,141664
078600,대주전자재료,KOSDAQ,2416176250000,15528125,155600,240068
323280,태성,KOSDAQ,2381962440000,30537980,78000,728386
192820,코스맥스,KOSPI,2377722135500,11349509,209500,75434
322000,HD현대에너지솔루션,KOSPI,2363200000000,11200000,211000,533913
009420,한올바이오파마,KOSPI,2353440741900,52240638,45050,406922
476830,알지노믹스,KOSDAQ,2333918535000,13933842,167500,359003
005440,현대지에프홀딩스,KOSPI,2332328342960,155904301,14960,322189
000240,한국앤컴퍼니,KOSPI,2321166618000,94935240,24450,106552
077970,STX엔진,KOSPI,2320558041400,40148063,57800,501705
089030,테크윙,KOSDAQ,2304736719000,37053645,62200,1474655
004370,농심,KOSPI,2296197355000,6082642,377500,18458
000120,CJ대한통운,KOSPI,2276671931200,22812344,99800,71971
007810,코리아써키트,KOSPI,2254366280000,23982620,94000,731735
282330,BGF리테일,KOSPI,2241722608200,17283906,129700,50908
085620,미래에셋생명,KOSPI,2229118200000,135180000,16490,233451
011210,현대위아,KOSPI,2213679756200,27195083,81400,227163
298020,효성티앤씨,KOSPI,2207117820000,4327682,510000,29682
030000,제일기획,KOSPI,2201889046500,115041225,19140,608095
140860,파크시스템스,KOSDAQ,2200731676500,6997557,314500,54207
361610,SK아이이테크놀로지,KOSPI,2191894280000,81787100,26800,158685
035900,JYP Ent.,KOSDAQ,2146162516800,35532492,60400,200587
023590,다우기술,KOSPI,2142721944000,43287312,49500,160029
003690,코리안리,KOSPI,2133022844170,176721031,12070,379852
002790,아모레퍼시픽홀딩스,KOSPI,2106422859000,76458180,27550,119035
041510,에스엠,KOSDAQ,2106311480000,22894690,92000,142033
005070,코스모신소재,KOSPI,2095839430100,33214571,63100,310242
081660,미스토홀딩스,KOSPI,2078545536000,53091840,39150,109944
003540,대신증권,KOSPI,2077073998600,49219763,42200,350320
161890,한국콜마,KOSPI,2051281191300,23605077,86900,164479
347700,스피어,KOSDAQ,2051154705600,50089248,40950,469361
417200,LS머트리얼즈,KOSDAQ,2039727668850,67652659,30150,4868641
080220,제주반도체,KOSDAQ,2004572880600,34442833,58200,4213880
003530,한화투자증권,KOSPI,2003876218500,214547775,9340,35949510
101490,에스앤에스텍,KOSDAQ,2003345138100,21334879,93900,465766
001120,LX인터내셔널,KOSPI,1930248000000,38760000,49800,197472
462870,시프트업,KOSPI,1929727786000,58654340,32900,48246
232140,와이씨,KOSDAQ,1923963457500,82045350,23450,1811295
475830,오름테라퓨틱,KOSDAQ,1916837257500,21513325,89100,233128
099320,쎄트렉아이,KOSDAQ,1898951605200,10951278,173400,130267
027360,아주IB투자,KOSDAQ,1893502695780,121145406,15630,8987016
039200,오스코텍,KOSDAQ,1888040985600,38258176,49350,223845
007070,GS리테일,KOSPI,1881166837500,83607415,22500,146302
475150,SK이터닉스,KOSPI,1873685220000,34067004,55000,578749
131290,티에스이,KOSDAQ,1855001643300,11061429,167700,84191
003570,SNT다이내믹스,KOSPI,1852175222900,33252697,55700,157355
395400,SK리츠,KOSPI,1833197305800,301017620,6090,1029978
030610,교보증권,KOSPI,1809731820680,113962961,15880,921307
458870,씨어스,KOSDAQ,1729815183000,38059740,45450,409649
095610,테스,KOSDAQ,1728848000000,19360000,89300,269835
006040,동원산업,KOSPI,1684245665900,44147986,38150,97559
491000,리브스메드,KOSDAQ,1676867875200,24953391,67200,363465
004000,롯데정밀화학,KOSPI,1669260000000,25800000,64700,149049
038500,삼표시멘트,KOSDAQ,1664069438520,107916306,15420,2450708
069620,대웅제약,KOSPI,1662673512500,11586575,143500,28060
012630,HDC,KOSPI,1651858585650,59741721,27650,193308
189300,인텔리안테크,KOSDAQ,1643910790700,10737497,153100,258760
437730,삼현,KOSDAQ,1626598187100,31707567,51300,143742
032350,롯데관광개발,KOSPI,1607949774800,79601474,20200,661370
445680,큐리옥스바이오시스템즈,KOSDAQ,1605063691500,17203255,93300,127366
073240,금호타이어,KOSPI,1594294592850,287260287,5550,831434
006280,녹십자,KOSPI,1586447533500,11686538,135750,41266
166090,하나머티리얼즈,KOSDAQ,1586169454800,19777674,80200,175196
003470,유안타증권,KOSPI,1562841190080,199596576,7830,32269118
065350,신성델타테크,KOSDAQ,1561088246400,27483948,56800,120917
281740,레이크머티리얼즈,KOSDAQ,1547954405400,65730548,23550,1456268
290650,엘앤씨바이오,KOSDAQ,1543002612300,24847063,62100,459363
490470,세미파이브,KOSDAQ,1540575400000,33858800,45500,1519737
183300,코미코,KOSDAQ,1535105377000,10460684,146750,140047
093370,후성,KOSPI,1519808026100,107255330,14170,3435781
001800,오리온홀딩스,KOSPI,1519151483500,62645422,24250,130152
003380,하림지주,KOSDAQ,1503115433820,112005621,13420,1150831
085660,차바이오텍,KOSDAQ,1493094152880,92969748,16060,654610
090710,휴림로봇,KOSDAQ,1478880098860,119457197,12380,4651045
161580,필옵틱스,KOSDAQ,1476861561000,23442247,63000,4717708
195940,HK이노엔,KOSDAQ,1470321342900,28329891,51900,139242
036830,솔브레인홀딩스,KOSDAQ,1457833049100,20503981,71100,131358
294870,IPARK현대산업개발,KOSPI,1456551993000,65907330,22100,148092
036540,SFA반도체,KOSDAQ,1448895269430,164460303,8810,10750809
020560,아시아나항공,KOSPI,1441934977000,205990711,7000,88579
007310,오뚜기,KOSPI,1435805097500,4007830,358250,8424
100090,SK오션플랜트,KOSPI,1433873060550,62478129,22950,549974
034230,파라다이스,KOSPI,1425566188980,92629382,15390,557584
033100,제룡전기,KOSDAQ,1415098232900,16062409,88100,1359231
006340,대원전선,KOSPI,1413811920480,78414416,18030,30560154
089970,브이엠,KOSDAQ,1404572116500,24771995,56700,375771
124500,아이티센글로벌,KOSDAQ,1401553430800,23204527,60400,277909
033790,피노,KOSDAQ,1397993760240,82331788,16980,2958013
127120,제이에스링크,KOSDAQ,1395050045850,34573731,40350,224718
397030,에이프릴바이오,KOSDAQ,1386098499200,23413826,59200,259346
000210,DL,KOSPI,1376801578800,20955884,65700,127294
281820,케이씨텍,KOSPI,1372047207300,19798661,69300,190955
126340,비나텍,KOSDAQ,1369414317600,7143528,191700,274677
137400,피엔티,KOSDAQ,1359847787200,23690728,57400,198224
181710,NHN,KOSPI,1334690414250,32753139,40750,51706
001740,SK네트웍스,KOSPI,1329937484070,200593889,6630,13180775
048410,현대바이오,KOSDAQ,1324056447840,96505572,13720,1276197
100840,SNT에너지,KOSPI,1322536072850,20680783,63950,677310
160190,하이젠알앤엠,KOSDAQ,1322006400000,30888000,42800,173752
388210,씨엠티엑스,KOSDAQ,1313265987400,9564938,137300,115189
420770,기가비스,KOSDAQ,1313208528800,12675758,103600,138429
195870,해성디에스,KOSPI,1312400000000,17000000,77200,315204
001510,SK증권,KOSPI,1310286656525,231295085,5665,104091059
082640,동양생명,KOSPI,1308618124350,161358585,8110,458900
222080,씨아이에스,KOSDAQ,1305928617760,77780144,16790,3203847
204270,제이앤티씨,KOSDAQ,1292913215100,57848466,22350,1793303
003240,태광산업,KOSPI,1292657400000,1113400,1161000,3180
032500,케이엠더블유,KOSDAQ,1289939175000,42154875,30600,442682
052020,에스티큐브,KOSDAQ,1284884199900,67983291,18900,337564
456160,지투지바이오,KOSDAQ,1283919858400,16545359,77600,379391
213420,덕산네오룩스,KOSDAQ,1278805718500,24831179,51500,173663
000670,영풍,KOSPI,1274019263600,18410683,69200,32312
007390,네이처셀,KOSDAQ,1273881057120,64435056,19770,382888
003090,대웅,KOSPI,1273309362000,58141980,21900,83367
456040,OCI,KOSPI,1264987543500,8952495,141300,119742
466100,클로봇,KOSDAQ,1262778254400,25459239,49600,270852
192080,더블유게임즈,KOSPI,1261938692800,21173468,59600,92823
115180,큐리언트,KOSDAQ,1251582313850,37304987,33550,226717
096530,씨젠,KOSDAQ,1250812556300,52225994,23950,220230
300720,한일시멘트,KOSPI,1242914032100,73545209,16900,114240
415640,KB발해인프라,KOSPI,1213200925200,122545548,9900,133440
005690,파미셀,KOSPI,1206340976400,60016964,20100,1384910
014620,성광벤드,KOSDAQ,1203048589200,26557364,45300,591264
376900,로킷헬스케어,KOSDAQ,1185127046700,15738739,75300,342978
388720,유일로보틱스,KOSDAQ,1182847038000,11781345,100400,60689
000080,하이트진로,KOSPI,1181050009240,70133611,16840,199943
330590,롯데리츠,KOSPI,1168879135780,288968884,4045,914966
089860,롯데렌탈,KOSPI,1167346824200,36309388,32150,48989
035760,CJ ENM,KOSDAQ,1164438077400,21929154,53100,58364
298050,HS효성첨단소재,KOSPI,1158066558000,4479948,258500,33394
023160,태광,KOSDAQ,1151092269000,25867242,44500,340911
185750,종근당,KOSPI,1148391296000,13802780,83200,49143
056190,에스에프에이,KOSDAQ,1147284882000,35908760,31950,125649
050890,쏠리드,KOSDAQ,1133716924440,60756534,18660,20155551
005300,롯데칠성,KOSPI,1118105522000,9278884,120500,26713
248070,솔루엠,KOSPI,1110532081100,47816236,23225,1697068
006650,대한유화,KOSPI,1110200000000,6500000,170800,83848
075580,세진중공업,KOSPI,1109132886560,56849456,19510,406921
044490,태웅,KOSDAQ,1100405955000,20007381,55000,379528
280360,롯데웰푸드,KOSPI,1094217902400,9304574,117600,20108
009450,경동나비엔,KOSPI,1092644400000,14568592,75000,68130
006120,SK디스커버리,KOSPI,1079652562000,17413751,62000,114566
090460,비에이치,KOSPI,1065284600800,33711538,31600,739360
499790,GS피앤엘,KOSPI,1058966909400,19830841,53400,282744
086450,동국제약,KOSDAQ,1047084223000,45230420,23150,374789
293490,카카오게임즈,KOSDAQ,1042426036710,89786911,11610,270141
083450,GST,KOSDAQ,1039452000000,18430000,56400,1231561
078160,메디포스트,KOSDAQ,1038921979500,39204603,26500,398007
365550,ESR켄달스퀘어리츠,KOSPI,1037265135000,246089000,4215,650429
057050,현대홈쇼핑,KOSPI,1036800000000,12000000,86400,30384
295310,에이치브이엠,KOSDAQ,1036752484200,12027291,86200,167895
094170,동운아나텍,KOSDAQ,1032950838400,20909936,49400,261972
484870,엠앤씨솔루션,KOSPI,1025236800000,9153900,112000,13005
192400,쿠쿠홀딩스,KOSPI,1024190928000,35562185,28800,25589
074600,원익QnC,KOSDAQ,1019974400000,26288000,38800,320007
253450,스튜디오드래곤,KOSDAQ,1017480157300,30058498,33850,60716
285130,SK케미칼,KOSPI,1008518057800,17298766,58300,70166
121600,나노신소재,KOSDAQ,1003577292900,12253691,81900,131930
003160,디아이,KOSPI,999697500000,28300000,35325,431483
358570,지아이이노베이션,KOSDAQ,999534722000,64237450,15560,530673
082270,젬백스,KOSDAQ,996057067500,44269203,22500,228400
108320,LX세미콘,KOSPI,995375160000,16264300,61200,239944
033240,자화전자,KOSPI,994933367100,21605502,46050,287964
006110,삼아알미늄,KOSPI,993610993500,15123455,65700,344580
036530,SNT홀딩스,KOSPI,992906657400,16303886,60900,23320
056080,유진로봇,KOSDAQ,986569597600,37512152,26300,496101
046890,서울반도체,KOSDAQ,973700180000,58305400,16700,2445588
137310,에스디바이오센서,KOSPI,962370342940,120749102,7970,144223
451800,한화리츠,KOSPI,960860000000,179600000,5350,403718
348370,엔켐,KOSDAQ,960797043050,21910993,43850,225293
122870,와이지엔터테인먼트,KOSDAQ,960719918600,18691049,51400,99006
365340,성일하이텍,KOSDAQ,944997977000,12272701,77000,80645
009240,한샘,KOSPI,942533816400,23533928,40050,64056
036810,에프에스티,KOSDAQ,938518353150,21649789,43350,188127
032190,다우데이타,KOSDAQ,938350000000,38300000,24500,205883
327260,RF머트리얼즈,KOSDAQ,937862904000,8495135,110400,471665
006730,서부T&D,KOSDAQ,934947691200,64926923,14400,719818
336370,솔루스첨단소재,KOSPI,933188501760,70217344,13290,727914
356860,티엘비,KOSDAQ,931150061000,9832630,94700,226986
171090,선익시스템,KOSDAQ,924390279000,10102626,91500,249840
178920,PI첨단소재,KOSPI,919165878600,29366322,31300,320568
059090,미코,KOSDAQ,918961395000,33416778,27500,2117492
079900,전진건설로봇,KOSPI,914952571500,14592545,62700,80101
174900,앱클론,KOSDAQ,914580909000,19925510,45900,448607
002020,코오롱,KOSPI,913863744000,12907680,70800,87908
425420,티에프이,KOSDAQ,908752521600,12347181,73600,212867
199800,툴젠,KOSDAQ,907477346100,8993829,100900,145847
476060,온코닉테라퓨틱스,KOSDAQ,906734368000,44887840,20200,534069
253590,네오셈,KOSDAQ,905898236600,43869164,20650,5131160
064960,SNT모티브,KOSPI,903696261600,26540272,34050,67916
003030,세아제강지주,KOSPI,900810397500,4141657,217500,28098
004490,세방전지,KOSPI,898128000000,13860000,64800,73605
025540,한국단자,KOSPI,897200500000,10115000,88700,34696
053610,프로텍,KOSDAQ,894300000000,11000000,81300,63949
077360,덕산하이메탈,KOSDAQ,884658428940,45437002,19470,1202005
003620,KG모빌리티,KOSPI,872235870720,202374912,4310,1343707
030190,NICE평가정보,KOSPI,867177677440,58911527,14720,136240
399720,가온칩스,KOSDAQ,865391332000,11600420,74600,269147
071320,지역난방공사,KOSPI,861458553600,11578744,74400,21461
252990,샘씨엔에스,KOSDAQ,861115812700,60217889,14300,1403438
009520,포스코엠텍,KOSDAQ,846387938475,41642703,20325,268830
060250,NHN KCP,KOSDAQ,841364800450,40160611,20950,1431029
033500,동성화인텍,KOSDAQ,841205306700,29989494,28050,239704
003850,보령,KOSPI,838141012390,85787207,9770,236141
000370,한화손해보험,KOSPI,828846296500,116738915,7100,1232489
005880,대한해운,KOSPI,827846927100,322747340,2565,7433770
475960,토모큐브,KOSDAQ,827086333200,13383274,61800,426802
011930,신성이엔지,KOSPI,822363363245,205848151,3995,0
102710,이엔에프테크놀로지,KOSDAQ,821550570000,14287836,57500,162309
001270,부국증권,KOSPI,820257982600,10369886,79100,54480
005090,SGC에너지,KOSPI,819891047700,14409333,56900,161157
241710,코스메카코리아,KOSDAQ,817020000000,10680000,76500,93174
052400,코나아이,KOSDAQ,814087966900,14563291,55900,131351
0011T0,채비,KOSDAQ,808917491200,46785280,17290,4853221
112040,위메이드,KOSDAQ,806276471250,33948483,23750,126958
033640,네패스,KOSDAQ,804766149800,23059202,34900,466716
348340,뉴로메카,KOSDAQ,801067384800,12362151,64800,330283
079160,CJ CGV,KOSPI,794795371200,165582369,4800,598050
317450,명인제약,KOSPI,794240000000,14600000,54400,31147
024850,HLB이노베이션,KOSDAQ,793092100000,31723684,25000,634929
001500,현대차증권,KOSPI,792699624080,61833044,12820,2112696
031330,에스에이엠티,KOSDAQ,787961127960,99995067,7880,2001911
389470,인벤티지랩,KOSDAQ,783361585000,13277315,59000,97553
007700,F&F홀딩스,KOSPI,778375903300,39114367,19900,16493
249420,일동제약,KOSPI,778300999200,31638252,24600,308965
006910,보성파워텍,KOSDAQ,776742517440,49129824,15810,37359689
014820,동원시스템즈,KOSPI,774067229400,28991282,26700,63339
214320,이노션,KOSPI,774000000000,40000000,19350,155339
372320,큐로셀,KOSDAQ,773114093800,15188882,50900,263572
102940,코오롱생명과학,KOSDAQ,768418396100,13090603,58700,31780
278280,천보,KOSDAQ,765108386100,12125331,63100,113660
217590,티엠씨,KOSPI,763786932500,24094225,31700,1150601
089010,켐트로닉스,KOSDAQ,761359225800,16770027,45400,3661365
225570,넥슨게임즈,KOSDAQ,755416195780,65860174,11470,146110
348210,넥스틴,KOSDAQ,753296659500,10477005,71900,108128
368770,파이버프로,KOSDAQ,750719041250,32854225,22850,591097
161000,애경케미칼,KOSPI,750163092780,48648709,15420,494296
376300,디어유,KOSDAQ,750133629600,23738406,31600,104677
010780,아이에스동서,KOSPI,748637004800,30186976,24800,128470
086900,메디톡스,KOSDAQ,742986994600,7298497,101800,38157
214430,아이쓰리시스템,KOSDAQ,741682322500,7307215,101500,37143
089890,코세스,KOSDAQ,740518553300,16584962,44650,367903
114090,GKL,KOSPI,739175256500,61855670,11950,533612
069260,TKG휴켐스,KOSPI,737858513400,40878588,18050,128707
200710,에이디테크놀로지,KOSDAQ,735025582200,13462007,54600,247040
093050,LF,KOSPI,725152000000,29240000,24800,34232
025980,아난티,KOSDAQ,722946355700,97300990,7430,1713395
486990,노타,KOSDAQ,720435262500,21346230,33750,126073
272290,이녹스첨단소재,KOSDAQ,716753448550,19937509,35950,266883
460860,동국제강,KOSPI,714851524970,49608017,14410,1225899
015750,성우하이텍,KOSDAQ,709600000000,80000000,8870,612607
084110,휴온스글로벌,KOSDAQ,708949472000,12659812,56000,109250
460930,현대힘스,KOSDAQ,706662352900,35510671,19900,178386
016380,KG스틸,KOSPI,704062634880,100008897,7040,1341039
448900,한국피아이엠,KOSDAQ,702814674900,6074457,115700,260417
293940,신한알파리츠,KOSPI,701452713400,120940123,5800,431687
017940,E1,KOSPI,700406000000,6860000,102100,25088
053800,안랩,KOSDAQ,698744576800,11126506,62800,45697
001680,대상,KOSPI,698157703750,34648025,20150,92180
002350,넥센타이어,KOSPI,697348641780,97667877,7140,203036
001060,JW중외제약,KOSPI,696249307000,23285930,29900,68996
383800,LX홀딩스,KOSPI,694154279000,76280690,9100,136080
001820,삼화콘덴서,KOSPI,693346500000,10395000,66700,178848
041960,코미팜,KOSDAQ,691577593200,73886495,9360,261139
271940,일진하이솔루스,KOSPI,684503631500,36313190,18850,299453
005420,코스모화학,KOSPI,684434622960,38408228,17820,343379
002840,미원상사,KOSPI,682575000000,4750000,143700,4698
090360,로보스타,KOSDAQ,680550000000,9750000,69800,65503
002240,고려제강,KOSPI,677700000000,27000000,25100,69126
000400,롯데손해보험,KOSPI,674981496000,310336320,2175,1669001
383310,에코프로에이치엔,KOSDAQ,674344063800,20974932,32150,204166
005180,빙그레,KOSPI,673858553700,9269031,72700,38438
003280,흥아해운,KOSPI,673189717200,240424899,2800,6240824
104830,원익머트리얼즈,KOSDAQ,670745600000,12608000,53200,100675
101930,인화정공,KOSDAQ,669383945000,46164410,14500,405269
058650,세아홀딩스,KOSPI,668982903600,4313236,155100,8065
130660,한전산업,KOSPI,666670000000,32600000,20450,645796
493280,아이엠바이오로직스,KOSDAQ,663961552800,14804048,44850,78189
015860,일진홀딩스,KOSPI,663723646350,49347483,13450,2132132
016610,DB증권,KOSPI,663012596180,42446389,15620,345910
009900,명신산업,KOSPI,658500169150,52470133,12550,576743
060280,큐렉소,KOSDAQ,655205465200,41259790,15880,650248
328130,루닛,KOSDAQ,651580169500,29284502,22250,573760
336570,원텍,KOSDAQ,649459683500,89580646,7250,401479
000640,동아쏘시오홀딩스,KOSPI,646995844700,6732527,96100,9333
005810,풍산홀딩스,KOSPI,645894681600,14417292,44800,68411
010820,퍼스텍,KOSPI,645740459120,48771938,13240,1722336
035890,서희건설,KOSDAQ,642314637315,229808457,2795,11946568
005250,녹십자홀딩스,KOSPI,639583656000,47028210,13600,88798
393890,더블유씨피,KOSDAQ,637604832960,33843144,18840,733949
039130,하나투어,KOSPI,636636205200,15489932,41100,61549
001570,금양,KOSPI,633275240400,63967196,9900,0
033160,엠케이전자,KOSDAQ,632627038000,24054260,26300,1279119
008730,율촌화학,KOSPI,631160000000,24800000,25450,70393
002960,한국쉘석유,KOSPI,627900000000,1300000,483000,5219
001200,유진투자증권,KOSPI,622851067740,96866418,6430,9576887
067160,SOOP,KOSDAQ,621866894700,11494767,54100,59088
107640,한중엔시에스,KOSDAQ,620948801000,9064946,68500,210621
006380,카프로,KOSPI,618539985360,168999996,3660,0
039440,에스티아이,KOSDAQ,617955822950,15507047,39850,323192
125490,한라캐스트,KOSDAQ,616889748800,36502352,16900,961284
037460,삼지전자,KOSDAQ,612760501100,16318522,37550,445535
042000,카페24,KOSDAQ,611176960800,24253054,25200,83889
025900,동화기업,KOSDAQ,608204138550,50557285,12030,265601
099190,아이센스,KOSDAQ,607032685350,28701309,21150,120871
017900,광전자,KOSPI,606091760980,57943763,10460,2963962
064260,다날,KOSDAQ,604407201430,75645457,7990,26417427
003000,부광약품,KOSPI,601854493100,98664671,6100,1278570
119850,지엔씨에너지,KOSDAQ,599562733050,16448909,36450,246878
014830,유니드,KOSPI,598932600000,6767600,88500,39680
001530,DI동일,KOSPI,597645665850,20715621,28850,102658
268280,미원에스씨,KOSPI,597000000000,5000000,119400,2703
452260,한화갤러리아,KOSPI,591271810500,193859610,3050,4435644
019210,와이지-원,KOSDAQ,588776714240,37193728,15830,633272
122640,예스티,KOSDAQ,586052586450,21349821,27450,210987
041190,우리기술투자,KOSDAQ,585480000000,84000000,6970,3493852
468530,프로티나,KOSDAQ,584168232000,10939480,53400,85999
019170,신풍제약,KOSPI,582893964640,52418522,11120,186388
018290,브이티,KOSDAQ,572696724820,34941838,16390,195880
045100,한양이엔지,KOSDAQ,571375000000,17500000,32650,153636
453340,현대그린푸드,KOSPI,571058664120,32501916,17570,299989
020000,한섬,KOSPI,571040661150,22437747,25450,119993
105840,우진,KOSPI,568564410500,20197670,28150,775902
092190,서울바이오시스,KOSDAQ,567850581540,45868383,12380,7275076
009410,태영건설,KOSPI,564230787888,297590078,1896,1040982
036620,감성코퍼레이션,KOSDAQ,563838493330,90503771,6230,349276
047920,HLB제약,KOSDAQ,561196981160,32799356,17110,93016
394280,오픈엣지테크놀로지,KOSDAQ,560522425750,26346530,21275,455820
094800,맵스리얼티,KOSPI,557005986000,92834331,6000,482964
488900,비츠로넥스텍,KOSDAQ,556347705600,28976443,19200,96039
290550,디케이티,KOSDAQ,554034071000,20001230,27700,679280
101160,월덱스,KOSDAQ,550641616550,16510993,33350,114320
138080,오이솔루션,KOSDAQ,547096903600,12377758,44200,1000267
002030,아세아,KOSPI,546625206000,2058852,265500,2286
025320,시노펙스,KOSDAQ,540946932610,92154503,5870,597285
317330,덕산테코피아,KOSDAQ,539557988400,20476584,26350,563500
187660,페니트리움바이오,KOSDAQ,539131979160,55466253,9720,2593651
284740,쿠쿠홈시스,KOSPI,537934986750,22437330,23975,19119
0120G0,삼양바이오팜,KOSPI,537613401000,7435870,72300,41674
168360,펨트론,KOSDAQ,535400342600,21288284,25150,405521
004690,삼천리,KOSPI,533861574400,3626777,147200,15894
092870,엑시콘,KOSDAQ,528557278500,13050797,40500,602650
354320,알멕,KOSDAQ,526010656300,6391381,82300,637418
079370,제우스,KOSDAQ,525117640700,31016990,16930,973610
013030,하이록코리아,KOSDAQ,524859222400,11768144,44600,142090
003300,한일홀딩스,KOSPI,524467356840,30832884,17010,25179
002710,TCC스틸,KOSPI,524011803030,26213697,19990,327273
092790,넥스틸,KOSPI,523940300000,26002000,20150,1203659
008060,대덕,KOSPI,523746020520,31287098,16740,177498
025860,남해화학,KOSPI,523615005220,49678843,10540,4073886
170920,엘티씨,KOSDAQ,518698586600,10564126,49100,221256
042370,비츠로테크,KOSDAQ,517974494250,26200025,19770,3034352
484590,삼양컴텍,KOSDAQ,517603252000,41210450,12560,212968
034310,NICE,KOSPI,517540770560,36757157,14080,39057
098070,한텍,KOSDAQ,513796714200,11121141,46200,175885
0001A0,덕양에너젠,KOSDAQ,513177736500,24791195,20700,2478083
251970,펌텍코리아,KOSDAQ,512740000000,12400000,41350,32828
000070,삼양홀딩스,KOSPI,512370606000,7763191,66000,19819
377740,바이오노트,KOSPI,509430240000,101886048,5000,109007
067630,HLB생명과학,KOSDAQ,508394131860,121917058,4170,361404
306200,세아제강,KOSPI,508264960000,2836300,179200,25876
287840,인투셀,KOSDAQ,507742248000,15021960,33800,92310
078350,한양디지텍,KOSDAQ,506875701500,15244382,33250,255806
234340,헥토파이낸셜,KOSDAQ,506436280000,13970656,36250,1881306
448730,삼성FN리츠,KOSPI,506238000000,91050000,5560,251714
114810,한솔아이원스,KOSDAQ,503811725880,28593174,17620,473221
093320,케이아이엔엑스,KOSDAQ,503616000000,4880000,103200,10647
031430,신세계인터내셔날,KOSPI,502748820000,34986000,14370,118967
080580,오킨스전자,KOSDAQ,501964729000,21090955,23800,593188
027410,BGF,KOSPI,499641649020,95716791,5220,257286
034950,한국기업평가,KOSDAQ,499456540000,4540514,110000,9305
211050,인카금융서비스,KOSDAQ,499040845410,49263657,10130,122352
381970,케이카,KOSPI,498460858080,48820848,10210,246139
330860,네패스아크,KOSDAQ,498327440500,12184045,40900,667715
016590,신대양제지,KOSPI,498081055200,40297820,12360,39804
230360,에코마케팅,KOSDAQ,495980128000,30998758,16000,17420
030520,한글과컴퓨터,KOSDAQ,495684752000,24179744,20500,115808
424870,이뮨온시아,KOSDAQ,495263101140,74363829,6660,198263
078020,LS증권,KOSDAQ,494337402900,55481190,8910,2369635
356680,엑스게이트,KOSDAQ,492946106840,28543492,17270,10582303
078130,국일제지,KOSDAQ,491548959756,1127405871,436,0
950210,프레스티지바이오파마,KOSPI,490985586350,60096155,8170,170969
064820,케이프,KOSDAQ,489443009900,30860215,15860,214725
069540,빛과전자,KOSDAQ,487549664220,97901539,4980,6206787
126720,수산인더스트리,KOSPI,486438300000,14286000,34050,71410
145990,삼양사,KOSPI,484732103000,10313449,47000,5592
340570,티앤엘,KOSDAQ,484428800000,8128000,59600,63317
036170,에이치엠넥스,KOSDAQ,483561132880,61365626,7880,1766097
110990,디아이티,KOSDAQ,480060000000,18900000,25400,191527
117730,티로보틱스,KOSDAQ,478230511600,22558043,21200,294768
403550,쏘카,KOSPI,476535998020,32841902,14510,195123
389650,넥스트바이오메디컬,KOSDAQ,475825388000,8203886,58000,70158
029530,신도리코,KOSPI,475099148100,9715729,48900,11250
230240,에치에프알,KOSDAQ,473800400000,13309000,35600,1079671
332570,PS일렉트로닉스,KOSDAQ,472650170000,47265017,10000,14837480
425040,티이엠씨,KOSDAQ,472439166300,21329082,22150,6374561
006220,제주은행,KOSPI,471348005790,37798557,12470,201810
215200,메가스터디교육,KOSDAQ,466434720000,10365216,45000,30844
058430,포스코스틸리온,KOSPI,462600000000,60000000,7710,2359551
101730,위메이드맥스,KOSDAQ,462594138720,83803286,5520,137316
378340,필에너지,KOSDAQ,461701905700,21625382,21350,584159
095660,네오위즈,KOSDAQ,460856576700,21636459,21300,56118
215600,신라젠,KOSDAQ,460690600300,138553564,3325,957086
192650,드림텍,KOSPI,457988681360,68974199,6640,392025
206650,유바이오로직스,KOSDAQ,452063909170,36723307,12310,385747
105630,한세실업,KOSPI,451200000000,40000000,11280,114111
344820,KCC글라스,KOSPI,451166964000,15970512,28250,32517
089980,상아프론테크,KOSDAQ,449291939700,15989037,28100,220451
241520,DSC인베스트먼트,KOSDAQ,445816000000,26600000,16760,1415856
455900,엔젤로보틱스,KOSDAQ,444072690375,15247131,29125,82580
441270,파인엠텍,KOSDAQ,443620670080,41693672,10640,305265
004700,조광피혁,KOSPI,443497504600,6649138,66700,3403
145720,덴티움,KOSPI,442405608300,8623891,51300,44603
017860,DS단석,KOSPI,442202561100,17759139,24900,759070
072710,농심홀딩스,KOSPI,441053829000,4637790,95100,14940
029460,케이씨,KOSPI,440270373250,11020535,39950,30962
015360,INVENI,KOSPI,439270000000,27250000,16120,38574
003720,삼영,KOSPI,436900000000,34000000,12850,2153748
017810,풀무원,KOSPI,436861411320,38120542,11460,153707
0082N0,카나프테라퓨틱스,KOSDAQ,433375983000,13092930,33100,188740
025770,한국정보통신,KOSDAQ,430983559210,37444271,11510,567406
254490,미래반도체,KOSDAQ,430252400000,14438000,29800,1784393
376270,HEM파마,KOSDAQ,429733982600,7186187,59800,19356
010690,화신,KOSPI,429171838900,34920410,12290,202428
084010,대한제강,KOSPI,428957518080,34371596,12480,97609
389500,에스비비테크,KOSDAQ,428610786800,6655447,64400,159992
357120,코람코라이프인프라리츠,KOSPI,428275557600,97335354,4400,230892
064290,인텍플러스,KOSDAQ,427726736500,12863962,33250,870357
482630,삼양엔씨켐,KOSDAQ,427040342800,21888280,19510,553427
220100,퓨쳐켐,KOSDAQ,426569528400,22427420,19020,219775
199820,제일일렉트릭,KOSDAQ,426179600000,22220000,19180,3102950
001390,KG케미칼,KOSPI,422895758700,67233030,6290,960952
160980,싸이맥스,KOSDAQ,421129567650,10924243,38550,229383
046120,오르비텍,KOSDAQ,420484477860,33855433,12420,2939682
304360,에스바이오메딕스,KOSDAQ,419855839200,12385128,33900,90043
170900,동아에스티,KOSPI,419268998900,9727819,43100,30298
089590,제주항공,KOSPI,418526712150,80640985,5190,333312
036890,진성티이씨,KOSDAQ,416857227160,22032623,18920,315893
079940,가비아,KOSDAQ,416712238200,13420684,31050,16624
389260,대명에너지,KOSDAQ,416554556250,17916325,23250,115996
042520,한스바이오메드,KOSDAQ,416431916400,14261367,29200,180003
069080,웹젠,KOSDAQ,416248634520,34600884,12030,61610
194370,제이에스코퍼레이션,KOSPI,415229806980,29016758,14310,123784
005610,삼립,KOSPI,415055332900,8629009,48100,18420
183190,아세아시멘트,KOSPI,414347957800,36506428,11350,63139
251370,와이엠티,KOSDAQ,414163336050,18285357,22650,1320853
475400,씨메스로보틱스,KOSDAQ,413813382400,11756062,35200,116831
084850,아이티엠반도체,KOSDAQ,413736716160,22682934,18240,298178
450950,아스테라시스,KOSDAQ,413527236080,37627592,10990,56625
091700,파트론,KOSDAQ,412500000000,55000000,7500,450295
200470,에이팩트,KOSDAQ,412183164890,42362093,9730,3303049
180400,DXVX,KOSDAQ,411927172920,98429432,4185,233941
009160,SIMPAC,KOSPI,411837098400,65370968,6300,342692
417310,코람코더원리츠,KOSPI,409656000000,40400000,10140,199612
298830,슈어소프트테크,KOSDAQ,409492102340,53458499,7660,733431
114190,강원에너지,KOSDAQ,409086775080,26123038,15660,234606
094360,칩스앤미디어,KOSDAQ,407269381660,21334174,19090,328755
016800,퍼시스,KOSPI,404800000000,11500000,35200,3133
179900,유티아이,KOSDAQ,404713925400,19790412,20450,198714
322310,오로스테크놀로지,KOSDAQ,402761306000,9366542,43000,1509685
041830,인바디,KOSDAQ,401056239500,13480882,29750,23893
228760,지노믹트리,KOSDAQ,400978928260,24859202,16130,112560
009290,광동제약,KOSPI,400390456320,49799808,8040,326820
086390,유니테스트,KOSDAQ,400069005180,21134126,18930,322596
073490,LIG아큐버,KOSDAQ,399962299600,7603846,52600,220601
308430,셀비온,KOSDAQ,398418385500,12831510,31050,545336
432720,퀄리타스반도체,KOSDAQ,397800797200,14156612,28100,2325405
097520,엠씨넥스,KOSPI,397624275000,17401500,22850,67068
452280,한선엔지니어링,KOSDAQ,397438573000,19246420,20650,666698
0015G0,그린광학,KOSDAQ,397301266950,11702541,33950,276234
036200,유니셈,KOSDAQ,397101687850,30664223,12950,1530282
078340,컴투스,KOSDAQ,396595066400,12091313,32800,90707
012030,DB,KOSPI,394502082613,201173933,1961,1119310
204620,글로벌텍스프리,KOSDAQ,394289481300,70283330,5610,2538482
243840,신흥에스이씨,KOSDAQ,393293997000,38558235,10200,950151
034830,한국토지신탁,KOSPI,393125731110,252489230,1557,672986
265520,AP시스템,KOSDAQ,391321346000,15050821,26000,215146
011760,현대코퍼레이션,KOSPI,390254497000,13228966,29500,64263
0008Z0,에스엔시스,KOSDAQ,390201921400,9436564,41350,119783
394800,쓰리빌리언,KOSDAQ,390030925280,31761476,12280,291130
093520,매커스,KOSDAQ,388068720800,14163092,27400,68290
002810,삼영무역,KOSPI,387805908000,18466948,21000,27989
355150,코스텍시스,KOSDAQ,385968825000,7797350,49500,424527
200670,휴메딕스,KOSDAQ,385186599000,11229930,34300,66144
001750,한양증권,KOSPI,385038153500,12728534,30250,44511
478340,나라스페이스테크놀로지,KOSDAQ,384068580300,11533591,33300,191637
046970,우리로,KOSDAQ,383468741250,43824999,8750,5586924
389020,자람테크놀로지,KOSDAQ,383176435000,6663938,57500,220586
003800,에이스침대,KOSDAQ,383159500000,11090000,34550,6851
018250,애경산업,KOSPI,382415858800,26409935,14480,63329
060980,HL홀딩스,KOSPI,382219458700,9078847,42100,30576
092230,KPX홀딩스,KOSPI,381485533800,4224646,90300,2443
001250,GS글로벌,KOSPI,381305989680,82533764,4620,2647580
448280,에코아이,KOSDAQ,381056318940,29631129,12860,109315
011500,한농화성,KOSPI,380761972700,15637042,24350,405479
200880,서연이화,KOSPI,379749539850,27028437,14050,83774
064850,에프앤가이드,KOSDAQ,379393539000,11410332,33250,400623
041920,메디아나,KOSDAQ,378473838050,18598223,20350,182828
026890,스틱인베스트먼트,KOSPI,376077118900,38770837,9700,145688
241770,메카로,KOSDAQ,374069888000,10192640,36700,24422
418550,제이오,KOSDAQ,373005890450,32017673,11650,477496
078150,HB테크놀러지,KOSDAQ,372717982320,92715916,4020,20602628
005720,넥센,KOSPI,372011357160,52543977,7080,50614
104700,한국철강,KOSPI,371790000000,36450000,10200,90453
084990,헬릭스미스,KOSDAQ,371047015850,46092797,8050,533646
352480,씨앤씨인터내셔널,KOSDAQ,370051812150,13629901,27150,23823
091810,트리니티항공,KOSPI,369194719590,412969485,894,1412232
092220,KEC,KOSPI,369002653158,200763141,1838,0
007690,국도화학,KOSPI,368118072000,9260832,39750,24488
108670,LX하우시스,KOSPI,367674470000,8967670,41000,109150
402490,그린리소스,KOSDAQ,367621767450,16672189,22050,1673152
494120,큐리오시스,KOSDAQ,367495256500,7616482,48250,78427
088800,에이스테크,KOSDAQ,367338801410,75506434,4865,769938
419530,SAMG엔터,KOSDAQ,367201038750,9991865,36750,220142
005010,휴스틸,KOSPI,366908129750,56188075,6530,2635216
236200,슈프리마,KOSDAQ,366848758600,6974311,52600,37071
144510,지씨셀,KOSDAQ,366567980800,15800344,23200,37855
001940,KISCO홀딩스,KOSPI,366459423000,14176380,25850,6240
459510,나우로보틱스,KOSDAQ,364692534200,12978382,28100,352019
001230,동국홀딩스,KOSPI,362525506200,31800483,11400,0
065680,우주일렉트로,KOSDAQ,362226463200,9240471,39200,17718
452430,사피엔반도체,KOSDAQ,361594024000,8218046,44000,105022
126560,현대퓨처넷,KOSPI,361465659600,110202945,3280,108403
004430,송원산업,KOSPI,360720000000,24000000,15030,271352
091580,상신이디피,KOSDAQ,357862680150,13328219,26850,270278
085910,네오티스,KOSDAQ,357428081700,13934818,25650,242757
099430,바이오플러스,KOSDAQ,355666965940,61640722,5770,569721
462350,이노스페이스,KOSDAQ,354141194140,20868662,16970,349894
078520,에이블씨엔씨,KOSPI,354052731210,26014161,13610,104664
014940,오리엔탈정공,KOSDAQ,352740136140,45573661,7740,290588
382900,범한퓨얼셀,KOSDAQ,352630250000,8761000,40250,1491005
053030,바이넥스,KOSDAQ,352008704760,32684188,10770,172498
035810,이지홀딩스,KOSDAQ,351613208250,64516185,5450,889880
0088M0,메쥬,KOSDAQ,351296212500,9881750,35550,314177
094480,갤럭시아머니트리,KOSDAQ,349537856580,39229838,8910,1241898
451760,컨텍,KOSDAQ,348747871500,15816230,22050,281168
217730,강스템바이오텍,KOSDAQ,347530080555,94054149,3695,1758054
094820,일진파워,KOSDAQ,346810307000,15078709,23000,773519
318060,그래피,KOSDAQ,346073864700,11127777,31100,241531
095500,미래나노텍,KOSDAQ,345141288870,31009999,11130,572736
416180,신성에스티,KOSDAQ,343511564000,9039778,38000,51200
002310,아세아제지,KOSPI,342816241900,39449510,8690,230162
108860,셀바스AI,KOSDAQ,342625276700,26914790,12730,284691
101360,에코앤드림,KOSDAQ,342382694500,17786114,19250,81399
272110,케이엔제이,KOSDAQ,341881827000,8025395,42600,299760
445090,에이직랜드,KOSDAQ,341426812500,10925658,31250,157986
394420,리센스메디컬,KOSDAQ,339614327400,10850298,31300,399759
136480,하림,KOSDAQ,338808949380,106209702,3190,1211965
203650,드림시큐리티,KOSDAQ,338630620120,100186574,3380,68221533
002900,TYM,KOSPI,336996000000,41400000,8140,444271
045390,대아티아이,KOSDAQ,336862742060,70473377,4780,2290350
151860,KG에코솔루션,KOSDAQ,336553224140,47603002,7070,237573
043150,바텍,KOSDAQ,336448898400,14854256,22650,40962
058970,엠로,KOSDAQ,335649857100,12362794,27150,42285
219130,타이거일렉,KOSDAQ,335288799000,6314290,53100,57801
084690,대상홀딩스,KOSPI,334965976500,36212538,9250,133943
065660,안트로젠,KOSDAQ,334203740000,10006100,33400,40648
112290,와이씨켐,KOSDAQ,334052406800,20221090,16520,5610371
321550,티움바이오,KOSDAQ,333873677550,29997635,11130,681681
286940,롯데이노베이트,KOSPI,332846074000,15129367,22000,46239
314930,바이오다인,KOSDAQ,331572107420,29764103,11140,52459
474650,링크솔루션,KOSDAQ,331033363200,5747107,57600,63345
012210,삼미금속,KOSDAQ,330882898920,22192012,14910,443936
001340,PKC,KOSPI,330150291450,44918407,7350,386288
000680,LS네트웍스,KOSPI,329790621960,78803016,4185,735248
060720,KH바텍,KOSDAQ,328642894960,23677442,13880,284664
024720,콜마홀딩스,KOSPI,328215198630,34296259,9570,61815
052710,아모텍,KOSDAQ,328109197050,14615109,22450,606522
011690,와이투솔루션,KOSPI,327770238420,36704394,8930,1369373
388050,지투파워,KOSDAQ,327228053130,18709437,17490,6062937
243070,휴온스,KOSDAQ,327044854500,11979665,27300,52911
092460,한라IMS,KOSDAQ,326965984800,17109680,19110,106693
900140,엘브이엠씨홀딩스,KOSPI,326576330080,193240432,1690,925977
054210,이랜텍,KOSDAQ,326003696900,25291210,12890,395491
338840,와이바이오로직스,KOSDAQ,325005303150,15366681,21150,130812
061970,LB세미콘,KOSDAQ,324684003540,58083006,5590,1157904
200130,콜마비앤에이치,KOSDAQ,324453604740,29415558,11030,79036
272450,진에어,KOSPI,322596000000,52200000,6180,175577
357550,석경에이티,KOSDAQ,322390500000,5455000,59100,12475
144960,뉴파워프라즈마,KOSDAQ,321577712640,43692624,7360,937080
049070,인탑스,KOSDAQ,320608000000,17200000,18640,62917
051500,CJ프레시웨이,KOSDAQ,320532822000,11871586,27000,49933
456010,아이씨티케이,KOSDAQ,314876993100,13901854,22650,2693064
033270,유나이티드제약,KOSPI,314556021750,15910775,19770,70915
009470,삼화전기,KOSPI,314487141000,6613820,47550,227131
0007C0,아크릴,KOSDAQ,314387184600,8030324,39150,237291
092730,네오팜,KOSDAQ,314308864290,16027989,19610,91278
365270,큐라클,KOSDAQ,314179030780,21924566,14330,488541
049630,재영솔루텍,KOSDAQ,313285460800,23379512,13400,1354624
417840,저스템,KOSDAQ,313215526420,22663931,13820,983768
115450,HLB테라퓨틱스,KOSDAQ,313130685315,88580109,3535,612704
003520,영진약품,KOSPI,312929462741,182892731,1711,644637
017390,서울가스,KOSPI,312840000000,4950000,63200,15713
123890,한국자산신탁,KOSPI,312053511300,122373926,2550,411160
035600,KG이니시스,KOSDAQ,311640648540,27554434,11310,111505
472850,폰드그룹,KOSDAQ,311462637320,57571652,5410,99912
037270,YG PLUS,KOSPI,310994292350,63663110,4885,669571
051370,인터플렉스,KOSDAQ,310721927040,23327472,13320,234067
215000,골프존,KOSDAQ,310319271750,6275415,49450,22503
001460,BYC,KOSPI,310121347500,6246150,49650,3309
067390,아스트,KOSDAQ,308095656987,409157579,753,3277377
018000,유니슨,KOSDAQ,307841075048,248659996,1238,4441900
030210,다올투자증권,KOSPI,307601085300,60911106,5050,1776789
900290,GRT,KOSDAQ,307230000000,80850000,3800,620805
128820,대성산업,KOSPI,307148895620,45235478,6790,501836
023760,한국캐피탈,KOSDAQ,306772507872,315609576,972,361099
005680,삼영전자,KOSPI,306600000000,20000000,15330,96911
004360,세방,KOSPI,305276179910,19115603,15970,80691
096760,JW홀딩스,KOSPI,304940385750,73924942,4125,181419
003920,남양유업,KOSPI,304800000000,6000000,50800,8360
294570,쿠콘,KOSDAQ,304265719800,10091732,30150,52026
475560,더본코리아,KOSPI,303231986500,14827970,20450,28648
024840,KBI메탈,KOSDAQ,300568203390,34909199,8610,15969557
000490,대동,KOSPI,300375933300,28826865,10420,369231
098120,마이크로컨텍솔,KOSDAQ,299259576000,8312766,36000,134237
003200,일신방직,KOSPI,298709600000,22960000,13010,28683
023410,유진기업,KOSDAQ,298419931180,77310863,3860,377471
053690,한미글로벌,KOSPI,296949605000,10957550,27100,238693
226590,엠디바이스,KOSDAQ,296067334400,10630784,27850,515773
037710,광주신세계,KOSPI,296007468000,7957190,37200,17064
003120,일성아이에스,KOSPI,295925000000,13300000,22250,3246
054950,제이브이엠,KOSDAQ,295597859400,12089892,24450,35871
002320,한진,KOSPI,295164076320,15518616,19020,33927
274090,켄코아에어로스페이스,KOSDAQ,294499448100,13729578,21450,294558
484810,티엑스알로보틱스,KOSDAQ,293567385000,15450915,19000,121521
000320,노루홀딩스,KOSPI,293069879550,13291151,22050,31806
000540,흥국화재,KOSPI,292304034750,64242645,4550,312267
017890,한국알콜,KOSDAQ,292085237380,21273506,13730,129419
034120,SBS,KOSPI,291996486120,18551238,15740,17357
0004V0,엔비알모션,KOSDAQ,291845327400,10404468,28050,772555
361390,제노코,KOSDAQ,291186030000,9706201,30000,166651
078070,유비쿼스홀딩스,KOSDAQ,290654785720,17604772,16510,263398
036800,나이스정보통신,KOSDAQ,290500000000,10000000,29050,67966
464080,에스오에스랩,KOSDAQ,289485835850,17947045,16130,349524
003960,사조대림,KOSPI,289138933850,9164467,31550,16168
001780,알루코,KOSPI,288069642700,96830132,2975,3439907
083310,엘오티베큠,KOSDAQ,287097731960,17810033,16120,236921
108380,대양전기공업,KOSDAQ,287019990000,9567333,30000,71244
088260,이리츠코크렙,KOSPI,286620694750,63341590,4525,143098
012860,모베이스전자,KOSDAQ,286342816870,73233457,3910,3223214
382800,지앤비에스 에코,KOSDAQ,286161058590,31831041,8990,1772236
044450,KSS해운,KOSPI,285110618000,23085880,12350,156926
241590,화승엔터프라이즈,KOSPI,284769597200,60589276,4700,138623
474170,루미르,KOSDAQ,284548605120,17817696,15970,765471
079960,동양이엔피,KOSDAQ,284139000000,7860000,36150,141673
221800,지구홀딩스,KOSDAQ,283418996040,16232474,17460,181810
035510,신세계 I&C,KOSPI,283113225000,13980900,20250,246381
086820,바이오솔루션,KOSDAQ,282831767350,25924085,10910,242497
005950,이수화학,KOSPI,282662316750,26294169,10750,929972
372170,윤성에프앤씨,KOSDAQ,282059346800,7979048,35350,25315
125020,티씨머티리얼즈,KOSDAQ,281709942000,35038550,8040,3592032
134380,미원화학,KOSPI,281506304000,21992680,12800,13934
013890,지누스,KOSPI,281075294880,22254576,12630,42101
452450,피아이이,KOSDAQ,280301730000,36028500,7780,10245282
304100,솔트룩스,KOSDAQ,279583581000,12593855,22200,116854
334890,이지스밸류플러스리츠,KOSPI,279530949075,69448683,4025,301761
488280,에스투더블유,KOSDAQ,279465566700,10769386,25950,516900
092200,디아이씨,KOSPI,279219925420,38888569,7180,487894
126700,하이비젼시스템,KOSDAQ,278969231040,14942112,18670,252009
004980,성신양회,KOSPI,278257428550,24516073,11350,195314
000050,경방,KOSPI,276894227000,27415270,10100,73558
053300,한국정보인증,KOSDAQ,276717673720,42441361,6520,432007
092070,디엔에프,KOSDAQ,276567406200,11571858,23900,71275
138610,나이벡,KOSDAQ,276237369900,11367793,24300,89524
000650,천일고속,KOSPI,275267772000,1429220,192600,5459
003070,코오롱글로벌,KOSPI,274578757200,25423959,10800,67755
255220,SG,KOSDAQ,274456071510,109563302,2505,2192314
267980,매일유업,KOSDAQ,274358240400,7663638,35800,7509
405100,큐알티,KOSDAQ,274051412300,12289301,22300,251068
099440,스맥,KOSDAQ,273997226910,68243394,4015,1460701
102120,어보브반도체,KOSDAQ,271689905840,17780753,15280,4349555
199430,케이엔알시스템,KOSDAQ,271357447050,11144043,24350,78977
005710,대원산업,KOSDAQ,271108728000,20037600,13530,36142
226320,잇츠한불,KOSPI,271046333400,21929315,12360,61392
314130,지놈앤컴퍼니,KOSDAQ,270830378210,36158929,7490,649217
018310,삼목에스폼,KOSDAQ,270774000000,14700000,18420,8590
194700,노바렉스,KOSDAQ,270719395840,18254848,14830,85002
043370,피에이치에이,KOSDAQ,270480000000,21000000,12880,37765
051360,토비스,KOSDAQ,269117887720,14917843,18040,64162
289930,웨이비스,KOSDAQ,268842556500,13019010,20650,374406
309710,아이티켐,KOSDAQ,268443021000,12783001,21000,0
084680,이월드,KOSPI,267021061419,141806193,1883,955385
214180,헥토이노베이션,KOSDAQ,266364023500,12993367,20500,218353
136490,선진,KOSPI,265855972720,23779604,11180,184134
462860,더즌,KOSDAQ,265653968570,71895526,3695,1162165
182400,엔케이젠바이오텍코리아,KOSDAQ,265496721770,72342431,3670,0
008350,남선알미늄,KOSPI,265257529950,129079090,2055,5225410
256840,한국비엔씨,KOSDAQ,264688208820,68394886,3870,626711
190510,나무가,KOSDAQ,264663106430,14085317,18790,65422
100120,뷰웍스,KOSDAQ,264656624500,8971411,29500,496136
001130,대한제분,KOSPI,264485000000,1690000,156500,0
211270,AP위성,KOSDAQ,264091143040,15082304,17510,301012
194480,데브시스터즈,KOSDAQ,263809012500,12129150,21750,80353
457550,우진엔텍,KOSDAQ,263726511400,9318958,28300,411099
067080,대화제약,KOSDAQ,263611764000,18616650,14160,64490
004310,현대약품,KOSPI,263360000000,32000000,8230,605954
377190,디앤디플랫폼리츠,KOSPI,261222000000,88400000,2955,216923
004560,현대비앤지스틸,KOSPI,261165006520,15078811,17320,179399
007160,사조산업,KOSPI,260500000000,5000000,52100,5883
307180,아이엘,KOSDAQ,260351047500,34713473,7500,1811570
000430,대원강업,KOSPI,258850000000,62000000,4175,219359
064550,바이오니아,KOSDAQ,258619115820,25810291,10020,86999
126600,BGF에코머티리얼즈,KOSDAQ,257971954890,62766899,4110,345975
264450,유비쿼스,KOSDAQ,257819366940,14665493,17580,1291264
042600,새로닉스,KOSDAQ,257789160500,12423574,20750,59520
357580,아모센스,KOSDAQ,257200595650,11717567,21950,481856
034810,해성산업,KOSDAQ,256548033160,32556857,7880,47707
013580,계룡건설,KOSPI,256317030900,8930907,28700,127941
121800,비덴트,KOSDAQ,256309348520,77201611,3320,0
487570,HS효성,KOSPI,255598592200,3725927,68600,73402
0030R0,대신밸류리츠,KOSPI,255559500000,59780000,4275,146625
404990,신한서부티엔디리츠,KOSPI,254997652590,60283133,4230,158371
402030,코난테크놀로지,KOSDAQ,254730880800,12517488,20350,33068
013120,동원개발,KOSDAQ,254716720500,90808100,2805,253512
138360,앤로보틱스,KOSDAQ,254072682600,76991722,3300,2923692
019010,베뉴지,KOSDAQ,253532000000,48200000,5260,316808
377460,큐에이드,KOSDAQ,253187202960,62055687,4080,0
001790,대한제당,KOSPI,252944355600,89696580,2820,375613
950170,JTC,KOSDAQ,252522178240,51746348,4880,155962
176750,듀켐바이오,KOSDAQ,252397801400,28455220,8870,14482
004710,한솔테크닉스,KOSPI,250822137420,31789878,7890,771157
125210,아모그린텍,KOSDAQ,250751208000,16496790,15200,388286
033920,무학,KOSPI,250515000000,28500000,8790,111697
209640,와이제이링크,KOSDAQ,250015253340,28443146,8790,2060066
058820,CMG제약,KOSDAQ,249705447087,147842183,1689,1324567
122900,아이마켓코리아,KOSPI,249379146400,33428840,7460,439703
216080,제테마,KOSDAQ,248928872310,37209099,6690,335662
073010,케이에스피,KOSDAQ,248783837500,40191250,6190,1285796
285490,노바텍,KOSDAQ,248532028500,10575831,23500,77572
353810,이지바이오,KOSDAQ,248114400000,33081920,7500,182492
293580,나우IB,KOSDAQ,247767169500,94929950,2610,2120622
439090,마녀공장,KOSDAQ,246882495600,16393260,15060,156236
037030,파워넷,KOSDAQ,246710632640,25512992,9670,13939561
484120,도우인시스,KOSDAQ,246541995000,10957422,22500,28136
206640,바디텍메드,KOSDAQ,246464111250,21907921,11250,41101
481070,에이유브랜즈,KOSDAQ,245414600000,14260000,17210,22680
005500,삼진제약,KOSPI,244288800000,13320000,18340,20098
001630,종근당홀딩스,KOSPI,243980230700,5009861,48700,8440
417010,나노팀,KOSDAQ,243283099680,20172728,12060,669583
036030,케이티알파,KOSDAQ,242645450850,49019283,4950,48168
000390,SP삼화,KOSPI,242382908790,27203469,8910,546317
147830,제룡산업,KOSDAQ,240600000000,20000000,12030,836334
452190,한빛레이저,KOSDAQ,240401597850,23920557,10050,20744244
264660,씨앤지하이테크,KOSDAQ,240112948400,9721172,24700,1057524
299030,하나기술,KOSDAQ,239447554500,7994910,29950,95062
0011A0,액스비스,KOSDAQ,239410431000,9333740,25650,173394
010580,에스엠벡셀,KOSPI,239191284000,111251760,2150,257345
024060,흥구석유,KOSDAQ,238950000000,15000000,15930,1159129
035150,백산,KOSPI,238944073130,20028841,11930,59159
004380,삼익THK,KOSPI,238878000000,20700000,11540,153990
039860,나노엔텍,KOSDAQ,238843442310,38093053,6270,1198640
017510,세명전기,KOSDAQ,237685140000,15246000,15590,966951
210980,SK디앤디,KOSPI,237557794320,18617382,12760,37251
119610,인터로조,KOSDAQ,237405937600,11413747,20800,97395
028100,동아지질,KOSPI,237261975440,13389502,17720,46682
025000,KPX케미칼,KOSPI,236888156900,4378709,54100,12191
009680,모토닉,KOSPI,236456062720,21733094,10880,21140
270660,에브리봇,KOSDAQ,236044843800,12690583,18600,48355
418420,라온텍,KOSDAQ,235783165440,30700933,7680,1221564
461300,아이스크림미디어,KOSDAQ,235586088430,13302433,17710,50187
117580,대성에너지,KOSPI,235400000000,27500000,8560,291409
036190,금화피에스시,KOSDAQ,235200000000,6000000,39200,44914
041020,폴라리스오피스,KOSDAQ,235004340890,49683793,4730,708801
000480,CR홀딩스,KOSPI,234921354900,46890490,5010,23110
007610,선도전기,KOSPI,234900000000,18000000,13050,18450422
403850,더핑크퐁컴퍼니,KOSDAQ,234782523600,14351010,16360,49496
237880,클리오,KOSDAQ,234385448410,18071353,12970,38673
348950,제이알글로벌리츠,KOSPI,233298432000,197376000,1182,0
095700,제넥신,KOSDAQ,233167329280,45540494,5120,367953
104480,티케이케미칼,KOSDAQ,232692311040,90895434,2560,1194528
380550,뉴로핏,KOSDAQ,232042313650,12091835,19190,224961
146320,비씨엔씨,KOSDAQ,231514427070,12797923,18090,90897
083930,아바코,KOSDAQ,231313444240,14677249,15760,361636
950140,잉글우드랩,KOSDAQ,231261960240,19867866,11640,56781
065710,서호전기,KOSDAQ,231235000000,5150000,44900,26681
003220,대원제약,KOSPI,230331277410,22427583,10270,34903
293780,압타바이오,KOSDAQ,229242184800,28093405,8160,207295
950250,테라뷰,KOSDAQ,229089364950,35517731,6450,619363
244920,에이플러스에셋,KOSPI,228789853160,22607693,10120,165465
298690,에어부산,KOSPI,228614400000,116640000,1960,242986
002150,도화엔지니어링,KOSPI,227610000000,33720000,6750,185676
061090,세나테크놀로지,KOSDAQ,227334896800,5585624,40700,17492
011560,세보엠이씨,KOSDAQ,227182500000,10350000,21950,63445
232680,라온로보틱스,KOSDAQ,226905917700,13115949,17300,409384
267320,나인테크,KOSDAQ,226790415250,57415295,3950,34617295
054450,텔레칩스,KOSDAQ,226709168010,15144233,14970,452734
297090,씨에스베어링,KOSDAQ,226613700000,27270000,8310,276982
053210,스카이라이프,KOSPI,226446880575,47522955,4765,60944
068930,디지털대성,KOSDAQ,225830790720,27675342,8160,58579
016880,웅진,KOSPI,225394365600,79927080,2820,516570
036560,KZ정밀,KOSDAQ,225225000000,15750000,14300,22932
371950,풍원정밀,KOSDAQ,224812476160,22662548,9920,142311
003350,한국화장품제조,KOSPI,224787200000,22660000,9920,114681
489500,엘케이켐,KOSDAQ,224754404800,6278056,35800,131233
008490,서흥,KOSPI,224209409940,11569113,19380,34261
289080,SV인베스트먼트,KOSDAQ,223511665030,54316322,4115,1257917
012610,경인양행,KOSPI,222647552750,41616365,5350,1540943
053080,케이엔솔,KOSDAQ,222556695840,12999807,17120,2804064
203400,에이비온,KOSDAQ,222550220880,90101304,2470,766331
005960,동부건설,KOSPI,222353164470,22946663,9690,157913
039840,디오,KOSDAQ,222300269960,13415828,16570,60225
095570,AJ네트웍스,KOSPI,220833463920,45252759,4880,523367
118990,모트렉스,KOSDAQ,220345591580,24537371,8980,154157
054920,한컴위드,KOSDAQ,219246719370,28217081,7770,12106051
007860,서연,KOSPI,217892952320,23479844,9280,147776
102260,동성케미컬,KOSPI,217625893345,50669591,4295,265583
003610,방림,KOSPI,217091653200,40202158,5400,364638
018470,조일알미늄,KOSPI,216666874631,126631721,1711,3547198
059120,아진엑스텍,KOSDAQ,216424980120,18310066,11820,7442767
003460,유화증권,KOSPI,216319713225,56702415,3815,839747
377450,리파인,KOSDAQ,216105100000,17330000,12470,74309
339770,교촌에프앤비,KOSPI,216098971000,49965080,4325,157331
445180,퓨릿,KOSDAQ,216068093160,17189188,12570,189548
033530,SJG세종,KOSPI,215612447750,27820961,7750,176734
469610,이노테크,KOSDAQ,215331090000,8934900,24100,306276
016580,환인제약,KOSPI,214830808500,18600070,11550,64358
123860,아나패스,KOSDAQ,214463211350,12123415,17690,49425
140670,알에스오토메이션,KOSDAQ,214425328000,12839840,16700,231456
259630,엠플러스,KOSDAQ,214222078960,12109784,17690,481665
121440,골프존홀딩스,KOSDAQ,213969905910,42836818,4995,86028
308080,바이젠셀,KOSDAQ,213807281800,20499260,10430,1171643
458650,성우,KOSDAQ,213347600600,15045670,14180,175604
234690,녹십자웰빙,KOSDAQ,212326087800,17963290,11820,356009
158430,아톤,KOSDAQ,211525274880,24482092,8640,4851417
000140,하이트진로홀딩스,KOSPI,211181561500,23206765,9100,44908
039570,HDC랩스,KOSPI,210905508125,25957601,8125,36969
123330,제닉,KOSDAQ,210373152000,7968680,26400,244382
003650,미창석유,KOSPI,209978410400,1739672,120700,3300
036710,심텍홀딩스,KOSDAQ,209726183380,52827754,3970,775835
025820,이구산업,KOSPI,209681340000,33442000,6270,1861821
001080,만호제강,KOSPI,209160000000,41500000,5040,77610
039560,다산네트웍스,KOSDAQ,207334197805,42183967,4915,1062392
000860,강남제비스코,KOSPI,207220000000,13000000,15940,13383
179290,엠아이텍,KOSDAQ,207140339200,32365678,6400,128708
060150,인선이엔티,KOSDAQ,206975255340,46563612,4445,204464
080160,모두투어,KOSDAQ,206955000000,18900000,10950,195718
380540,옵티코어,KOSDAQ,206658130575,48913167,4225,0
005160,동국산업,KOSDAQ,206400254010,54244482,3805,163749
322180,LS티라유텍,KOSDAQ,205872322560,20921984,9840,956650
432320,KB스타리츠,KOSPI,205870998550,101414285,2030,1327313
052330,코텍,KOSDAQ,205679200620,17761589,11580,37193
307750,국전,KOSDAQ,205417825840,53986288,3805,499038
101970,우양에이치씨,KOSDAQ,205137424830,14790009,13870,47015
032620,GC메디아이,KOSDAQ,204351799185,52197139,3915,239898
002100,경농,KOSPI,203425231500,19522575,10420,188437
040160,누리플렉스,KOSDAQ,203135764750,12055535,16850,53335
081000,일진다이아,KOSPI,203102542500,14202975,14300,47853
051980,중앙첨단소재,KOSDAQ,202742368925,111091709,1825,2158711
115310,인포바인,KOSDAQ,201949849750,15964415,12650,21242
032940,원익,KOSDAQ,201580988400,18193230,11080,293822
005430,한국공항,KOSPI,200430271500,3166355,63300,44135
271980,제일약품,KOSPI,200280356640,14704872,13620,32326
007570,일양약품,KOSPI,200017758720,19085664,10480,180898
446540,메가터치,KOSDAQ,199920867300,25963749,7700,443148
474610,RF시스템즈,KOSDAQ,199877842560,14307648,13970,608347
187790,나노,KOSDAQ,199848578400,30840830,6480,774548
475230,엔알비,KOSDAQ,199554885730,10898683,18310,77799
234080,JW생명과학,KOSPI,199515380400,15834554,12600,58273
282880,코윈테크,KOSDAQ,199267157280,11694082,17040,178212
126730,코칩,KOSDAQ,199081860200,8770126,22700,818092
453450,그리드위즈,KOSDAQ,198965887500,7942750,25050,167205
002990,금호건설,KOSPI,198672601200,36996760,5370,146452
031440,신세계푸드,KOSPI,198270976000,3872480,51200,6389
000520,삼일제약,KOSPI,198263152540,21691811,9140,316294
115500,케이씨에스,KOSDAQ,198240000000,12000000,16520,1563262
002230,피에스텍,KOSDAQ,197902285600,18705320,10580,412290
220260,켐트로스,KOSDAQ,197884579350,32072055,6170,616629
037350,성도이엔지,KOSDAQ,197577900000,15210000,12990,345881
282720,금양그린파워,KOSDAQ,196578290000,12119500,16220,277450
297890,HB솔루션,KOSDAQ,196383354090,73140914,2685,13489171
100250,진양홀딩스,KOSPI,196173000000,63900000,3070,157316
047770,코데즈컴바인,KOSDAQ,194889400300,37842602,5150,1485667
122990,와이솔,KOSDAQ,193932509680,26639081,7280,118546
460850,동국씨엠,KOSPI,193743290880,29898656,6480,325454
046440,KG파이낸셜,KOSDAQ,193474982180,38010802,5090,182803
017550,수산세보틱스,KOSPI,193437303000,62399130,3100,1842776
015230,대창단조,KOSPI,193262574400,27143620,7120,157126
338220,뷰노,KOSDAQ,193225157400,14001823,13800,593232
008970,KBI동양철관,KOSPI,193110213927,103766907,1861,2305979
002780,진흥기업,KOSPI,193041005615,145471745,1327,7712293
071200,인피니트헬스케어,KOSDAQ,192732018200,24396458,7900,288833
004090,한국석유,KOSPI,192696741600,12694120,15180,330395
047310,파워로직스,KOSDAQ,192572571300,36610755,5260,282324
006060,화승인더,KOSPI,191960400000,55320000,3470,194809
123410,코리아에프티,KOSDAQ,191546520320,27841064,6880,236444
217820,원익피앤이,KOSDAQ,191241872770,47454559,4030,704061
003480,한진중공업홀딩스,KOSPI,190467287400,29529812,6450,153739
088130,동아엘텍,KOSDAQ,189715656900,17485314,10850,774596
213500,한솔제지,KOSPI,189690590720,23800576,7970,247958
102460,이연제약,KOSPI,189585472200,18586811,10200,47252
333430,일승,KOSDAQ,189584028990,30726747,6170,352227
264850,이랜시스,KOSDAQ,189341325000,30294612,6250,365716
101170,우림피티에스,KOSDAQ,189270000000,13500000,14020,195826
003100,선광,KOSDAQ,188760000000,6600000,28600,201237
473980,노머스,KOSDAQ,188748486540,11057322,17070,61241
163730,핑거,KOSDAQ,188601688400,9406568,20050,213002
004960,한신공영,KOSPI,188486735580,11570702,16290,442226
082800,비보존 제약,KOSDAQ,188230964600,60719666,3100,508559
101530,해태제과식품,KOSPI,188094670120,29116822,6460,59097
119830,아이텍,KOSDAQ,187605043760,26349023,7120,676436
016790,현대사료,KOSDAQ,187340898626,188471729,994,0
086980,쇼박스,KOSDAQ,186348050000,62638000,2975,639539
056090,시지메드텍,KOSDAQ,186279300944,103259036,1804,1958366
068790,DMS,KOSDAQ,186204348000,22570224,8250,151985
083500,에프엔에스테크,KOSDAQ,185664381300,8575722,21650,856835
149950,아바텍,KOSDAQ,185607406740,13667703,13580,99708
037070,파세코,KOSDAQ,185400000000,20000000,9270,139837
143160,아이디스,KOSDAQ,185393547000,10716390,17300,20178
012200,계양전기,KOSPI,185387465490,27222829,6810,600306
001520,동양,KOSPI,184741464762,238684063,774,899081
300080,플리토,KOSDAQ,184695996690,16505451,11190,94962
106190,하이텍팜,KOSDAQ,184166556360,10633173,17320,114143
071840,롯데하이마트,KOSPI,183667999360,23607712,7780,30761
086890,이수앱지스,KOSDAQ,183466035000,40770230,4500,145673
039830,오로라,KOSDAQ,183399645600,10762890,17040,195489
340450,지씨지놈,KOSDAQ,182111106100,23650793,7700,406771
016450,한세예스24홀딩스,KOSPI,181800000000,40000000,4545,36404
008830,대동기어,KOSDAQ,181547904000,8987520,20200,142592
077500,유니퀘스트,KOSPI,180792853740,21600102,8370,1553603
001360,삼성제약,KOSPI,180602867522,94162079,1918,1819886
038390,레드캡투어,KOSDAQ,180417669380,16720822,10790,79768
217270,넵튠,KOSDAQ,180399581980,46735643,3860,91506
009580,무림P&P,KOSPI,180244456360,62368324,2890,639731
204610,티쓰리,KOSDAQ,180130633000,55001720,3275,907299
092130,이크레더블,KOSDAQ,179329204000,12043600,14890,19314
048870,시너지이노베이션,KOSDAQ,178857134890,88106963,2030,231351
322510,제이엘케이,KOSDAQ,178794949400,25725892,6950,330086
143240,사람인,KOSDAQ,178485316530,10732731,16630,13495
049430,코메론,KOSDAQ,178336080000,9048000,19710,33265
321370,센서뷰,KOSDAQ,177985601170,51664906,3445,5398789
166480,코아스템켐온,KOSDAQ,177908815240,52870376,3365,921092
365330,에스와이스틸텍,KOSDAQ,177856195000,50171000,3545,678069
089470,HDC현대EP,KOSPI,176407000000,31900000,5530,137718
114840,아이패밀리에스씨,KOSDAQ,176143383000,17319900,10170,124675
214420,토니모리,KOSPI,175840580690,24054799,7310,130837
037560,LG헬로비전,KOSPI,175417149225,77446865,2265,274257
234030,싸이닉솔루션,KOSDAQ,175385150000,23605000,7430,445609
107600,새빗켐,KOSDAQ,174869574000,5640954,31000,70025
009070,KCTC,KOSPI,174600000000,30000000,5820,248546
290740,액트로,KOSDAQ,174527290740,10065011,17340,140004
002170,SYTS,KOSPI,174300000000,3000000,58100,3903
105330,케이엔더블유,KOSDAQ,174251303800,16060028,10850,115161
400760,NH올원리츠,KOSPI,174125801750,54929275,3170,394872
000300,DH오토넥스,KOSPI,174035631000,41437055,4200,0
066620,국보디자인,KOSDAQ,174000000000,7500000,23200,9501
235980,메드팩토,KOSDAQ,173774863470,34275121,5070,256787
396300,세아메카닉스,KOSDAQ,173771120000,26489500,6560,1257400
317400,자이에스앤디,KOSPI,173745689600,38782520,4480,274359
086670,비엠티,KOSDAQ,173702987500,9925885,17500,128692
293480,하나제약,KOSPI,173463952960,17772946,9760,38325
007330,푸른저축은행,KOSDAQ,172698060000,15082800,11450,27457
462520,조선내화,KOSPI,171781384320,11855168,14490,15078
038290,마크로젠,KOSDAQ,170860464000,10841400,15760,67858
396470,워트,KOSDAQ,170710800000,16120000,10590,2342599
290690,소룩스,KOSDAQ,170706864240,49337244,3460,648456
023910,대한약품,KOSDAQ,170700000000,6000000,28450,30400
042420,네오위즈홀딩스,KOSDAQ,170173714700,8142283,20900,20696
090350,노루페인트,KOSPI,170000000000,20000000,8500,162165
044820,코스맥스비티아이,KOSPI,169989401700,9603921,17700,33900
011040,경동제약,KOSDAQ,169535900660,30768766,5510,44593
262260,에이프로,KOSDAQ,169422059920,14468152,11710,1195986
210540,디와이파워,KOSPI,169269383640,11041708,15330,154294
054540,삼영엠텍,KOSDAQ,169260000000,13000000,13020,217675
115440,우리넷,KOSDAQ,169254498560,10794292,15680,2661109
172670,에이엘티,KOSDAQ,169080087330,8960259,18870,311975
011700,한신기계,KOSPI,169044446710,32446151,5210,3749081
036010,아비코전자,KOSDAQ,168953191140,13292934,12710,289810
148150,세경하이테크,KOSDAQ,168828385500,35542818,4750,172235
306620,지아이에스,KOSDAQ,168318861170,47885878,3515,3085600
272550,삼양패키징,KOSPI,168012726900,15068406,11150,205509
067000,조이시티,KOSDAQ,167768270400,69903446,2400,414473
047560,이스트소프트,KOSDAQ,167738620780,11738182,14290,72067
475580,에이럭스,KOSDAQ,167586270000,13624900,12300,300208
357880,SKAI,KOSDAQ,167459189465,51764819,3235,2040957
069510,에스텍,KOSDAQ,167032100000,10910000,15310,22812
396270,넥스트칩,KOSDAQ,166410400860,32887431,5060,473037
192440,슈피겐코리아,KOSDAQ,165666073950,6216363,26650,10145
000020,동화약품,KOSPI,165633617100,27931470,5930,55389
334970,프레스티지바이오로직스,KOSDAQ,165613116810,77752637,2130,226369
013520,화승코퍼레이션,KOSPI,165419387860,50051252,3305,340242
417500,제이아이테크,KOSDAQ,165235109760,32784744,5040,1427740
014280,금강공업,KOSPI,165124279910,29329357,5630,4505542
108230,톱텍,KOSDAQ,165020883300,38023245,4340,173876
062970,한국첨단소재,KOSDAQ,164700651390,57088614,2885,3999556
033340,좋은사람들,KOSDAQ,164428146368,96950558,1696,1328864
024800,유성티엔에스,KOSDAQ,164324786220,37051812,4435,191434
323990,박셀바이오,KOSDAQ,164196855700,23257345,7060,201032
054800,아이디스홀딩스,KOSDAQ,163908455040,10347756,15840,11749
027710,팜스토리,KOSDAQ,163893818600,111416600,1471,3640296
456070,이엔셀,KOSDAQ,163812588130,11001517,14890,78979
085670,뉴프렉스,KOSDAQ,163575591090,24450761,6690,634222
067280,멀티캠퍼스,KOSDAQ,162986422500,5926779,27500,18631
041440,현대에버다임,KOSDAQ,162139293200,17915944,9050,297865
242040,나무기술,KOSDAQ,161957315520,34606264,4680,2804666
009270,신원,KOSPI,161826254130,114770393,1410,813529
013990,아가방컴퍼니,KOSDAQ,161806677120,32887536,4920,323051
000970,한국주철관,KOSPI,161655545000,22800500,7090,60095
0007J0,인벤테라,KOSDAQ,161640422700,7865714,20550,180956
079430,현대리바트,KOSPI,160791258060,20535282,7830,119098
388790,라이콤,KOSDAQ,160724340000,30614160,5250,634918
360070,탑머티리얼,KOSDAQ,160204775510,8186243,19570,38899
040300,YTN,KOSDAQ,159956267900,47676980,3355,227748
066410,버킷스튜디오,KOSDAQ,159637252154,138453818,1153,0
136150,원일티엔아이,KOSDAQ,159239570000,8381030,19000,169350
046070,코다코,KOSDAQ,159196994920,15486089,10280,0
408470,한패스,KOSDAQ,159002880000,10572000,15040,165158
095190,신화프리텍,KOSDAQ,158909224970,65260462,2435,248394
023600,삼보판지,KOSDAQ,158322087000,16008300,9890,42713
080420,모다이노칩,KOSDAQ,158247419670,79721622,1985,2859
260970,에스앤디,KOSDAQ,158233643800,2892754,54700,28825
003830,대한화섬,KOSPI,157235200000,1328000,118400,4072
100590,머큐리,KOSDAQ,157169627650,17139545,9170,13863324
000700,유수홀딩스,KOSPI,156771708240,26041812,6020,57956
021080,에이티넘인베스트,KOSDAQ,156720000000,48000000,3265,420444
049080,기가레인,KOSDAQ,156609775215,84883347,1845,8087977
136540,윈스테크넷,KOSDAQ,156566761500,12279746,12750,100466
250060,모비스,KOSDAQ,156513442610,32171314,4865,766104
065450,빅텍,KOSDAQ,156496587200,28767755,5440,1277986
044990,에이치엔에스하이텍,KOSDAQ,156398398750,7685425,20350,680540
093640,케이알엠,KOSDAQ,156188631880,32675446,4780,77126
072870,메가스터디,KOSDAQ,156164562900,11920959,13100,67882
159010,아스플로,KOSDAQ,155883098910,13334739,11690,262896
012800,대창,KOSPI,155303410296,91140499,1704,3534499
012320,경동인베스트,KOSPI,155145508800,2365023,65600,13350
071280,로체시스템즈,KOSDAQ,155107554420,15296603,10140,598144
078000,텔코웨어,KOSPI,154863690520,9240077,16760,13838
045970,코아시아,KOSDAQ,154731470880,26314876,5880,352286
307930,컴퍼니케이,KOSDAQ,154695100000,15610000,9910,293872
255440,야스,KOSDAQ,154214980000,13058000,11810,310061
214390,경보제약,KOSPI,154199247000,23906860,6450,133896
182360,큐브엔터,KOSDAQ,154099003590,15549849,9910,68864
001290,상상인증권,KOSPI,153730373280,108337120,1419,6320048
493330,지에프아이,KOSDAQ,153642920000,7682146,20000,99409
093190,빅솔론,KOSDAQ,153526461900,19238905,7980,27950
214680,디알텍,KOSDAQ,153180397760,83477056,1835,447484
382840,원준,KOSDAQ,153021241620,15271581,10020,145654
131030,옵투스제약,KOSDAQ,152995935300,17646590,8670,126693
389030,지니너스,KOSDAQ,152876029200,33525445,4560,965219
067990,도이치모터스,KOSDAQ,152327691000,29181550,5220,737924
217330,싸이토젠,KOSDAQ,151961123790,23129547,6570,1139787
215100,로보로보,KOSDAQ,151799466840,20348454,7460,475633
366030,공구우먼,KOSDAQ,151780795000,22653850,6700,143126
004970,신라교역,KOSPI,151520000000,16000000,9470,29124
021320,KCC건설,KOSDAQ,151512000000,21400000,7080,92588
104460,디와이피엔에프,KOSDAQ,151460654400,10518101,14400,56458
063570,NICE인프라,KOSDAQ,151103696400,34147728,4425,79130
005990,매일홀딩스,KOSDAQ,150935750400,13298304,11350,6101
408920,메쎄이상,KOSDAQ,150881267950,43232455,3490,32797
256940,킵스파마,KOSDAQ,149983758090,20078147,7470,268857
021820,세원정공,KOSPI,149400000000,10000000,14940,16525
336680,탑런토탈솔루션,KOSDAQ,149340303770,39145558,3815,31075
109740,디에스케이,KOSDAQ,149120262000,25710390,5800,193248
005860,한일사료,KOSDAQ,148748910875,39403685,3775,1647884
066310,큐에스아이,KOSDAQ,148624084630,9271621,16030,1282057
041520,이엘씨,KOSDAQ,148458731400,12188730,12180,83063
123040,엠에스오토텍,KOSDAQ,148429068630,62628299,2370,321553
156100,엘앤케이바이오,KOSDAQ,148411655920,22351153,6640,184667
090850,현대이지웰,KOSDAQ,148177292640,23746361,6240,63013
049950,미래컴퍼니,KOSDAQ,148052272360,8817884,16790,303211
225190,LK삼양,KOSDAQ,147983724000,70468440,2100,1353853
094280,효성ITX,KOSPI,147829378000,11558200,12790,34382
070960,모나용평,KOSPI,147769332310,48133333,3070,165536
298000,효성화학,KOSPI,147501447900,3791811,38900,0
042510,라온시큐어,KOSDAQ,147460089840,11205174,13160,1306469
049960,쎌바이오텍,KOSDAQ,146922000000,9400000,15630,19888
002220,한일철강,KOSPI,146569055400,26697460,5490,224580
089230,THE E&M,KOSDAQ,146556663390,36321354,4035,606330
008040,사조동아원,KOSPI,146225805600,141144600,1036,575852
025620,차AI헬스케어,KOSPI,146177903190,18203973,8030,45122
107590,미원홀딩스,KOSPI,146160000000,2320000,63000,204
083420,그린케미칼,KOSPI,146160000000,24000000,6090,89947
013310,아진산업,KOSDAQ,146106781230,38806582,3765,871117
141000,비아트론,KOSDAQ,145255372900,12114710,11990,467149
090470,제이스로보틱스,KOSDAQ,145055730200,17476594,8300,221834
263720,디앤씨미디어,KOSDAQ,144979062880,12412591,11680,31736
015890,태경산업,KOSPI,144828456250,29228750,4955,114356
053700,삼보모터스,KOSDAQ,144671420700,25380951,5700,353159
038110,에코플라스틱,KOSDAQ,144092795000,41169370,3500,1614250
007540,샘표,KOSPI,144077580000,2875800,50100,7906
443670,에스피소프트,KOSDAQ,143994901440,24741392,5820,429206
122450,KX,KOSDAQ,143423468800,44819834,3200,86076
049720,고려신용정보,KOSDAQ,143143000000,14300000,10010,41105
310200,애니플러스,KOSDAQ,142665356460,52162836,2735,241272
0015S0,페스카로,KOSDAQ,142376913900,9866730,14430,110476
263860,지니언스,KOSDAQ,142277332000,9079600,15670,106989
078890,가온그룹,KOSDAQ,142056310530,18424943,7710,1995254
011280,태림포장,KOSPI,141965909700,70805940,2005,362389
006620,동구바이오제약,KOSDAQ,141897985120,28464992,4985,189853
024090,디씨엠,KOSPI,141588000000,11400000,12420,17859
451220,아이엠티,KOSDAQ,141428013560,7874611,17960,1346043
035000,HS애드,KOSPI,141330655680,16207644,8720,25977
309960,LB인베스트먼트,KOSDAQ,141160813120,23217239,6080,278481
052420,오성첨단소재,KOSDAQ,141064299008,97420096,1448,0
464490,쿼드메디슨,KOSDAQ,141000347640,11482113,12280,203206
027970,한국제지,KOSPI,140541717143,190178237,739,246708
096250,와이즈넛,KOSDAQ,140358234240,13105344,10710,64986
413630,씨피시스템,KOSDAQ,139552277580,36436626,3830,312241
004250,NPC,KOSPI,139536000000,36720000,3800,113003
139990,아주스틸,KOSPI,139519490400,38755414,3600,225036
004150,한솔홀딩스,KOSPI,139490508000,41026620,3400,343309
205100,엑셈,KOSDAQ,139252253310,70686423,1970,906496
317770,엑스페릭스,KOSDAQ,139013736450,36486545,3810,685661
331740,아우토크립트,KOSDAQ,138933096750,9749691,14250,97160
002390,한독,KOSPI,138598777310,13763533,10070,53277
067900,와이엔텍,KOSDAQ,138499404990,18199659,7610,79440
020120,키다리스튜디오,KOSPI,138433166010,37063766,3735,184264
350520,이지스레지던스리츠,KOSPI,138432588510,36866202,3755,100927
240550,동방메디컬,KOSDAQ,138373343400,20933940,6610,120588
123690,한국화장품,KOSPI,138345480000,16068000,8610,148552
476040,오가노이드사이언스,KOSDAQ,138300960000,6585760,21000,68071
109610,에스와이,KOSDAQ,137918868000,48907400,2820,283158
002460,HS화성,KOSPI,137634000000,10150000,13560,43407
016740,두올,KOSPI,137348574960,28674024,4790,249597
007210,벽산,KOSPI,136929200000,65360000,2095,534176
013570,디와이,KOSPI,136862091600,26319633,5200,177037
100130,동국S&C,KOSDAQ,136857485000,57143000,2395,365127
002620,제일파마홀딩스,KOSPI,136731918800,15973355,8560,20824
363280,티와이홀딩스,KOSPI,136663316280,50429268,2710,82451
273640,와이엠텍,KOSDAQ,136636360000,10966000,12460,426278
089600,KT나스미디어,KOSDAQ,136272960140,11568163,11780,33518
004140,동방,KOSPI,136239815440,47971766,2840,1235631
014710,사조씨푸드,KOSPI,136198675130,17218543,7910,23321
095270,웨이브일렉트로,KOSDAQ,136106684820,14372406,9470,411291
246710,티앤알바이오팹,KOSDAQ,135605513880,47664504,2845,414764
117670,알파칩스,KOSDAQ,135566449700,6661742,20350,89488
010100,한국무브넥스,KOSPI,135199864800,30450420,4440,218664
016710,대성홀딩스,KOSPI,135151455600,16089459,8400,50941
005800,신영와코루,KOSPI,134730000000,9000000,14970,6773
267290,경동도시가스,KOSPI,134710027100,5895406,22850,15068
463020,뉴엔AI,KOSDAQ,134697464000,8879200,15170,259977
019180,티에이치엔,KOSPI,134280000000,18000000,7460,341826
047820,초록뱀미디어,KOSDAQ,134007536400,24453930,5480,121989
226400,오스테오닉,KOSDAQ,133887174480,20661601,6480,144938
052260,현대바이오랜드,KOSDAQ,133350000000,30000000,4445,91291
014580,태경비케이,KOSPI,132536795500,27583100,4805,222203
079810,APS이노베이션,KOSDAQ,132397778100,21528094,6150,689075
432470,케이엔에스,KOSDAQ,132275064480,8771556,15080,287950
269620,시스웍,KOSDAQ,132090012299,148582691,889,0
025950,동신건설,KOSDAQ,131712000000,8400000,15680,43538
095720,웅진씽크빅,KOSPI,131156913334,113654171,1154,0
131370,알서포트,KOSDAQ,131037024180,53267083,2460,281933
014530,극동유화,KOSPI,130934672100,34869420,3755,453679
035080,그래디언트,KOSDAQ,130888201800,11431284,11450,48689
149980,하이로닉,KOSDAQ,130557276080,21194363,6160,633481
076610,해성옵틱스,KOSDAQ,130279828000,53175440,2450,24472233
023900,풍국주정,KOSDAQ,130158000000,12600000,10330,89714
088280,쏘닉스,KOSDAQ,130144804800,17306490,7520,1638498
067830,세이브존I&C,KOSPI,129689228200,41040895,3160,94988
023800,인지컨트롤스,KOSPI,129635415400,15809197,8200,119277
007110,일신석재,KOSPI,128810342430,77456610,1663,555078
004080,신흥,KOSPI,128686000000,9400000,13690,14977
014790,HL D&I,KOSPI,128340657390,37858601,3390,167379
054050,농우바이오,KOSDAQ,128084182390,16030561,7990,65354
088390,이녹스,KOSDAQ,127835195280,9385844,13620,42916
029480,광무,KOSDAQ,127500346820,59719132,2135,219960
187870,디바이스,KOSDAQ,127362622900,7036609,18100,295402
086710,선진뷰티사이언스,KOSDAQ,127158177600,12203280,10420,97251
042500,링네트,KOSDAQ,127059520800,22291144,5700,1772779
381620,제닉스로보틱스,KOSDAQ,126456748800,13117920,9640,200045
389140,포바이포,KOSDAQ,126429852100,14269735,8860,234158
081180,쎄크,KOSDAQ,126116895150,8825535,14290,533369
009780,엠에스씨,KOSDAQ,126016000000,17600000,7160,33135
036690,코맥스,KOSDAQ,125692107675,43567455,2885,0
053260,금강철강,KOSDAQ,125236800000,18720000,6690,1161078
000440,중앙에너비스,KOSDAQ,125165313000,6227130,20100,115970
227840,현대코퍼레이션홀딩스,KOSPI,124863469920,9100836,13720,29116
142210,유니트론텍,KOSDAQ,124715932030,20751403,6010,680996
265740,엔에프씨,KOSDAQ,124687928000,17863600,6980,199843
228670,레이,KOSDAQ,124494567160,15640021,7960,541255
337930,젝시믹스,KOSDAQ,124492812625,29676475,4195,228415
036580,팜스코,KOSPI,124324087055,36727943,3385,91036
005870,휴니드,KOSPI,124220932000,14116015,8800,198769
054620,APS,KOSDAQ,124160991750,18394221,6750,151606
0015N0,아로마티카,KOSDAQ,123844587000,12715050,9740,129453
049520,유아이엘,KOSDAQ,123678926250,30842625,4010,155898
014160,대영포장,KOSPI,123678180409,108394549,1141,1464835
063170,서울옥션,KOSDAQ,123353412980,17774267,6940,135591
120030,조선선재,KOSPI,123249798000,1257651,98000,2239
217190,제너셈,KOSDAQ,123119202960,13153761,9360,457210
019680,대교,KOSPI,122819132500,84702850,1450,84704
411080,샌즈랩,KOSDAQ,122751809520,15267638,8040,474077
248170,샘표식품,KOSPI,122658479100,4568286,26850,23190
036220,오상헬스케어,KOSDAQ,122631695120,14309416,8570,35292
073560,우리손에프앤지,KOSDAQ,122135202252,69237643,1764,268430
015590,DKME,KOSPI,122045495160,236981544,515,0
038540,상상인,KOSDAQ,121169005470,55328313,2190,104088
339950,아이비김영,KOSDAQ,121131235225,44946655,2695,196195
323350,다원넥스뷰,KOSDAQ,121122872640,8010772,15120,463653
950130,엑세스바이오,KOSDAQ,121106340720,37727832,3210,109608
032300,한국파마,KOSDAQ,120955314090,10906701,11090,40824
370090,퓨런티어,KOSDAQ,119966756600,8556830,14020,87168
001020,페이퍼코리아,KOSPI,119960752962,177983313,674,0
091120,이엠텍,KOSDAQ,119930552000,17132936,7000,88923
092040,아미코젠,KOSDAQ,119902191739,70655387,1697,893072
489460,바이오비쥬,KOSDAQ,119753662800,15044430,7960,59925
018120,진로발효,KOSDAQ,119511216000,6621120,18050,3065
040910,아이씨디,KOSDAQ,119432588250,18574275,6430,661022
348350,위드텍,KOSDAQ,119244270000,9978600,11950,181707
417970,모델솔루션,KOSDAQ,119234488000,6396700,18640,39922
225530,HC보광산업,KOSDAQ,119191024560,36338727,3280,153081
100700,세운메디칼,KOSDAQ,119136000000,43800000,2720,293109
003310,대주산업,KOSDAQ,118918296000,35392350,3360,801538
063080,컴투스홀딩스,KOSDAQ,118911311760,6595192,18030,38390
039980,폴라리스AI,KOSDAQ,118774960800,14555755,8160,823260
223250,드림씨아이에스,KOSDAQ,118574140080,24600444,4820,144501
006660,삼성공조,KOSPI,118481658120,8126314,14580,3688935
096350,대창솔루션,KOSDAQ,118303786020,36854762,3210,1997195
129920,대성하이텍,KOSDAQ,117812305270,13715053,8590,2281238
267850,아시아나IDT,KOSPI,117660000000,11100000,10600,27855
330730,스톤브릿지벤처스,KOSDAQ,117505003500,18217830,6450,105382
094840,슈프리마에이치큐,KOSDAQ,116888819280,9806109,11920,81831
424960,스마트레이더시스템,KOSDAQ,116879429900,16485110,7090,743537
294630,서남,KOSDAQ,116539129980,26366319,4420,847585
475430,키스트론,KOSDAQ,116369677200,17848110,6520,1899668
034590,인천도시가스,KOSPI,116368456400,4374754,26600,3547
004100,태양금속,KOSPI,116339000000,36700000,3170,1038674
041590,플래스크,KOSDAQ,116064014460,48972158,2370,0
205500,넥써쓰,KOSDAQ,116042899190,64112099,1810,299653
026150,특수건설,KOSDAQ,115805784600,17546331,6600,114372
251120,바이오에프디엔씨,KOSDAQ,115739767000,8695700,13310,30503
277880,티에스아이,KOSDAQ,115685925960,19843212,5830,202962
078140,대봉엘에스,KOSDAQ,115522153180,11086579,10420,41149
192410,오늘이엔엠,KOSDAQ,115254082840,23330786,4940,256661
059210,메타바이오메드,KOSDAQ,115206926800,27171445,4240,249590
331920,셀레믹스,KOSDAQ,115196128280,8164148,14110,181799
008260,NI스틸,KOSPI,114829469755,28600117,4015,284411
101670,하이드로리튬,KOSDAQ,114689917740,56777187,2020,1331603
086960,MDS테크,KOSDAQ,114502048300,102692420,1115,0
051160,지어소프트,KOSDAQ,114356037700,15474430,7390,52011
079980,휴비스,KOSPI,113850000000,34500000,3300,407287
330350,위더스제약,KOSDAQ,113802438180,13202139,8620,119261
357230,에이치피오,KOSDAQ,113144124240,41293476,2740,668181
460940,피앤에스로보틱스,KOSDAQ,113024352000,13455280,8400,108299
074430,아미노로직스,KOSDAQ,112857494540,87826844,1285,358428
053580,웹케시,KOSDAQ,112833137560,12954436,8710,72225
096240,크레버스,KOSDAQ,112536126400,10738180,10480,41208
311320,지오엘리먼트,KOSDAQ,112269584000,12614560,8900,288023
298540,더네이쳐홀딩스,KOSDAQ,112124627640,14486386,7740,36056
024740,한일단조,KOSDAQ,112014451845,32897049,3405,459230
099750,이지케어텍,KOSDAQ,111868626870,13659173,8190,71404
448710,코츠테크놀로지,KOSDAQ,111783925800,5285292,21150,143160
024880,케이피에프,KOSDAQ,111500029620,20162754,5530,357992
317830,에스피시스템스,KOSDAQ,111185801760,10773818,10320,101305
278650,HLB바이오스텝,KOSDAQ,110870043648,87161984,1272,0
388870,파로스아이바이오,KOSDAQ,110558259280,12945932,8540,194643
008700,아남전자,KOSPI,110442742240,77124820,1432,1062005
033290,로젠,KOSDAQ,110347131465,56156301,1965,156043
265560,영화테크,KOSDAQ,109895050400,10690180,10280,59370
201490,미투온,KOSDAQ,109841139700,32593810,3370,3495874
036420,콘텐트리중앙,KOSPI,109795155600,19262308,5700,88650
038460,바이오스마트,KOSDAQ,109691512280,25274542,4340,574051
011810,STX,KOSPI,109493282310,31017927,3530,0
002450,삼익악기,KOSPI,109361345320,90530915,1208,127090
382480,지아이텍,KOSDAQ,109216063500,39357140,2775,500589
003580,HLB글로벌,KOSPI,109179853275,50663505,2155,194952
017370,우신시스템,KOSPI,109151761840,18314054,5960,80472
377480,마음AI,KOSDAQ,109142721250,7110275,15350,75370
056360,코위버,KOSDAQ,108842448000,9796800,11110,857628
412350,레이저쎌,KOSDAQ,108553320640,14435282,7520,937923
058850,KTcs,KOSPI,108479659000,41404450,2620,339488
463480,모티브링크,KOSDAQ,108415632500,12390358,8750,270430
023450,동남합성,KOSPI,108325000000,3500000,30950,5310
048530,인트론바이오,KOSDAQ,108277888350,31613982,3425,294575
413390,엠오티,KOSDAQ,108274683000,11580180,9350,379767
006840,AK홀딩스,KOSPI,108100097760,13247561,8160,15159
264900,크라운제과,KOSPI,108080825500,12523850,8630,24517
052860,아이앤씨,KOSDAQ,107891638160,17862854,6040,283587
131400,이브이첨단소재,KOSDAQ,107861306420,59591882,1810,1112493
025550,한국선재,KOSDAQ,107796666900,25514004,4225,1910400
101330,모베이스,KOSDAQ,107633684850,23147029,4650,215888
059270,해성에어로보틱스,KOSDAQ,107633482360,11165299,9640,244423
418470,KT밀리의서재,KOSDAQ,107500651950,8565789,12550,139151
019990,에너토크,KOSDAQ,107414528880,9756088,11010,486707
066700,테라젠이텍스,KOSDAQ,107184604760,37152376,2885,150281
030960,양지사,KOSDAQ,107066000000,15980000,6700,35950
303810,동국생명과학,KOSDAQ,106986948300,31984140,3345,141870
011370,서한,KOSDAQ,106948556900,100894865,1060,419093
039340,한국경제TV,KOSDAQ,106920000000,22000000,4860,11618
000230,일동홀딩스,KOSPI,106748700000,11540400,9250,50860
046940,우원개발,KOSDAQ,106638665000,18074350,5900,1397103
005740,크라운해태홀딩스,KOSPI,106603951460,14847347,7180,64735
067290,JW신약,KOSDAQ,106582569906,56037103,1902,562555
002200,한국수출포장,KOSPI,106400000000,38000000,2800,155372
065440,이루온,KOSDAQ,106372578000,27275020,3900,2222853
290720,푸드나무,KOSDAQ,106244479550,35122142,3025,130186
212710,아이에스티이,KOSDAQ,105852758000,9622978,11000,1044657
419050,삼기에너지솔루션즈,KOSDAQ,105755847760,57196240,1849,488044
105740,디케이락,KOSDAQ,105650850070,10168513,10390,156585
305090,마이크로디지탈,KOSDAQ,105619912400,18595055,5680,174289
208370,셀바스헬스케어,KOSDAQ,105407609580,25740564,4095,203046
032560,황금에스티,KOSPI,105400000000,17000000,6200,54013
072950,빛샘전자,KOSDAQ,105247612700,8052610,13070,1235140
439580,블루엠텍,KOSDAQ,105093528435,33846547,3105,398087
063160,종근당바이오,KOSPI,104672154960,5485962,19080,22501
048550,SM C&C,KOSDAQ,104645218840,96714620,1082,254245
189860,서전기전,KOSDAQ,104358872800,9698780,10760,7451142
009300,삼아제약,KOSDAQ,104022100000,6370000,16330,12195
205470,휴마시스,KOSDAQ,103629382209,129375009,801,0
362320,청담글로벌,KOSDAQ,103535564550,21151290,4895,108470
006140,피제이전자,KOSDAQ,103460400000,14865000,6960,45460
082850,우리바이오,KOSDAQ,103454794030,48456578,2135,437481
001540,안국약품,KOSDAQ,103426390600,13042420,7930,39464
019550,SBI인베스트먼트,KOSDAQ,103398474850,162066575,638,0
084670,동양고속,KOSPI,103371813300,2895569,35700,29405
173130,오파스넷,KOSDAQ,103328066160,13046473,7920,182332
222040,코스맥스엔비티,KOSDAQ,103140000000,20628000,5000,126308
035610,솔본,KOSDAQ,102957678705,27345997,3765,54689
066590,스모트로닉,KOSDAQ,102689922735,38677937,2655,225151
950190,고스트스튜디오,KOSDAQ,102574424920,13017059,7880,29217
014970,삼륭물산,KOSDAQ,102292500000,14825000,6900,124325
049480,오픈베이스,KOSDAQ,102279856665,31422383,3255,2781794
007820,엠엑스로보틱스,KOSDAQ,102173124600,20033946,5100,188076
163560,동일고무벨트,KOSPI,102165000000,13900000,7350,39598
064800,포니링크,KOSDAQ,102118031102,127807298,799,0
459100,위츠,KOSDAQ,101265072000,13466100,7520,1311095
041930,SY동아,KOSDAQ,101232000000,15200000,6660,68373
137950,제이씨케미칼,KOSDAQ,101207214630,22267814,4545,382473
039610,화성밸브,KOSDAQ,101189088000,10410400,9720,178837
347890,엠엑스온,KOSDAQ,100931063800,16963204,5950,67196
010660,화천기계,KOSPI,100870000000,22000000,4585,367876
119650,KC코트렐,KOSPI,100782913662,109785309,918,0
352090,스톰테크,KOSDAQ,100773742500,26872998,3750,62227
002700,신일전자,KOSPI,100728335198,70047521,1438,652095
